RegionID,SizeRank,RegionName,RegionType,StateName,2018-01-31,2018-02-28,2018-03-31,2018-04-30,2018-05-31,2018-06-30,2018-07-31,2018-08-31,2018-09-30,2018-10-31,2018-11-30,2018-12-31,2019-01-31,2019-02-28,2019-03-31,2019-04-30,2019-05-31,2019-06-30,2019-07-31,2019-08-31,2019-09-30,2019-10-31,2019-11-30,2019-12-31,2020-01-31,2020-02-29,2020-03-31,2020-04-30,2020-05-31,2020-06-30,2020-07-31,2020-08-31,2020-09-30,2020-10-31,2020-11-30,2020-12-31,2021-01-31,2021-02-28,2021-03-31,2021-04-30,2021-05-31,2021-06-30,2021-07-31,2021-08-31,2021-09-30,2021-10-31,2021-11-30,2021-12-31,2022-01-31,2022-02-28,2022-03-31
102001,0,United States,Country,,271600.0,272967.0,279333.0,288667.0,295633.0,299267.0,299900.0,299600.0,299267.0,298633.0,297267.0,294267.0,291567.0,292933.0,297967.0,306500.0,314467.0,320967.0,322433.0,319800.0,315600.0,312267.0,307267.0,303267.0,299800.0,301467.0,306500.0,313000.0,320633.0,328300.0,335300.0,340300.0,342580.0,343577.0,342277.0,337993.0,333630.0,333963.0,340633.0,354000.0,367300.0,378267.0,381583.0,380613.0,377313.0,376638.0,375975.0,374975.0,374000.0,378667.0,388000.0
394913,1,"New York, NY",Msa,NY,517967.0,523000.0,534333.0,544667.0,554666.0,560000.0,560000.0,554833.0,549833.0,549833.0,550000.0,549667.0,549333.0,549333.0,554667.0,563333.0,573300.0,578267.0,578267.0,574633.0,573000.0,574333.0,577667.0,579000.0,577667.0,579000.0,585667.0,593667.0,599000.0,601000.0,611300.0,627967.0,642800.0,649500.0,652833.0,657000.0,663633.0,668967.0,673300.0,675926.0,675926.0,669926.0,660333.0,648000.0,641667.0,638667.0,642333.0,646000.0,652667.0,662967.0,676300.0
753899,2,"Los Angeles-Long Beach-Anaheim, CA",Msa,CA,798667.0,804333.0,820933.0,837933.0,849600.0,849666.0,841333.0,824333.0,803000.0,786333.0,773333.0,761633.0,752967.0,751152.0,762852.0,779819.0,804633.0,824633.0,841000.0,847667.0,847667.0,847667.0,847667.0,849293.0,852293.0,868960.0,887333.0,889667.0,886000.0,894300.0,925967.0,956300.0,968000.0,974000.0,979333.0,990667.0,997667.0,999300.0,1009263.0,1012559.0,1012592.0,1002929.0,994967.0,977967.0,957667.0,945967.0,946300.0,949967.0,957967.0,971300.0,987933.0
394463,3,"Chicago, IL",Msa,IL,301332.0,305967.0,319467.0,336133.0,346133.0,348600.0,344933.0,338267.0,330967.0,324933.0,318300.0,309933.0,303267.0,306600.0,319633.0,336000.0,345833.0,348167.0,345067.0,338533.0,331533.0,324933.0,319633.0,311300.0,306333.0,309967.0,320933.0,328933.0,332300.0,336633.0,343600.0,348600.0,349967.0,349667.0,346278.0,340945.0,332945.0,333000.0,338300.0,346633.0,353267.0,355600.0,355600.0,348966.0,341633.0,334933.0,329933.0,323966.0,319663.0,320996.0,328630.0
394514,4,"Dallas-Fort Worth, TX",Msa,TX,341634.0,345000.0,351633.0,359633.0,365967.0,365667.0,359300.0,350467.0,344100.0,340767.0,339600.0,337933.0,334633.0,334633.0,339333.0,347633.0,354467.0,355800.0,354000.0,348567.0,344233.0,341067.0,339967.0,338300.0,335004.0,334171.0,335838.0,339100.0,343133.0,348133.0,354800.0,358267.0,359930.0,359151.0,357484.0,354484.0,352736.0,354403.0,360406.0,369600.0,379963.0,389297.0,395663.0,398666.0,400496.0,402160.0,407160.0,413993.0,420997.0,427830.0,441833.0
394974,5,"Philadelphia, PA",Msa,PA,252600.0,249633.0,253405.0,260372.0,269705.0,275967.0,279300.0,278267.0,276267.0,274467.0,271667.0,266167.0,258000.0,254166.0,258000.0,267666.0,279167.0,287800.0,293133.0,293300.0,293333.0,293663.0,293663.0,290330.0,286300.0,286267.0,289600.0,294633.0,301333.0,311333.0,323333.0,333000.0,336333.0,338000.0,336667.0,333333.0,328300.0,324967.0,326600.0,333267.0,339933.0,345933.0,342630.0,337507.0,331507.0,329843.0,329633.0,327663.0,322663.0,317997.0,315000.0
394692,6,"Houston, TX",Msa,TX,314789.0,317073.0,320347.0,325072.0,328621.0,330050.0,326942.0,322083.0,315799.0,312430.0,309191.0,307571.0,306113.0,307409.0,310648.0,315507.0,319525.0,320983.0,319330.0,315604.0,311458.0,308802.0,306665.0,304462.0,301968.0,301657.0,304573.0,307485.0,311584.0,316296.0,322130.0,326956.0,331023.0,334516.0,336743.0,335330.0,333327.0,332663.0,337662.0,345220.0,355853.0,365185.0,370960.0,371993.0,370330.0,370663.0,370993.0,370993.0,370297.0,371633.0,377967.0
395209,7,"Washington, DC",Msa,DC,431963.0,431633.0,441667.0,452667.0,464667.0,474780.0,480080.0,476747.0,466966.0,461633.0,456600.0,449900.0,443233.0,443267.0,454967.0,471667.0,488167.0,496167.0,496100.0,489567.0,484900.0,483764.0,485464.0,483764.0,481633.0,486600.0,501630.0,513293.0,523293.0,531630.0,544600.0,551267.0,548517.0,541216.0,532883.0,525633.0,519967.0,518305.0,519972.0,527972.0,534667.0,539967.0,536933.0,531933.0,526633.0,525967.0,526133.0,527463.0,531497.0,541993.0,556327.0
394856,8,"Miami-Fort Lauderdale, FL",Msa,FL,398604.0,398604.0,399950.0,401295.0,402944.0,403280.0,403582.0,403280.0,402944.0,402641.0,401295.0,399950.0,398604.0,398604.0,399912.0,401258.0,402938.0,403312.0,405330.0,405783.0,405783.0,404101.0,403650.0,403650.0,403650.0,403650.0,405332.0,404996.0,404659.0,402641.0,402977.0,404996.0,407014.0,408797.0,407565.0,405500.0,402467.0,400767.0,401600.0,409967.0,,,,,,480963.0,488400.0,495100.0,505100.0,523333.0,549667.0
394347,9,"Atlanta, GA",Msa,GA,310063.0,314967.0,323633.0,335333.0,344667.0,349633.0,344933.0,337933.0,329633.0,324967.0,320937.0,317570.0,313903.0,313267.0,317113.0,326813.0,338147.0,344333.0,344633.0,339933.0,334900.0,330470.0,327170.0,325177.0,323607.0,323607.0,325633.0,327067.0,330400.0,336400.0,344333.0,351000.0,354667.0,356300.0,354633.0,351600.0,349933.0,351236.0,357936.0,374269.0,389600.0,400763.0,403097.0,403331.0,402167.0,400200.0,399999.0,399966.0,399066.0,397400.0,397433.0
394404,10,"Boston, MA",Msa,MA,541332.0,544665.0,565332.0,585000.0,598333.0,595967.0,579600.0,556567.0,539600.0,535967.0,535967.0,531300.0,528267.0,533300.0,549967.0,571333.0,589333.0,596000.0,594633.0,586633.0,579933.0,574967.0,574967.0,574453.0,574453.0,582453.0,597667.0,605967.0,614600.0,624267.0,640967.0,649300.0,649933.0,657267.0,663633.0,666667.0,665667.0,672633.0,682933.0,691600.0,694933.0,697967.0,692933.0,677967.0,668267.0,667967.0,674633.0,682967.0,689933.0,709900.0,728267.0
395057,11,"San Francisco, CA",Msa,CA,807500.0,824167.0,857667.0,899667.0,924667.0,938000.0,921333.0,880667.0,850667.0,842333.0,838000.0,820000.0,799615.0,802948.0,830948.0,867333.0,900667.0,907629.0,904888.0,886222.0,885926.0,889000.0,895667.0,878963.0,862296.0,874296.0,899667.0,916333.0,927333.0,951667.0,985000.0,998333.0,998667.0,998667.0,998667.0,995000.0,988667.0,984333.0,984333.0,990228.0,993561.0,995895.0,982667.0,962525.0,940192.0,929192.0,917333.0,906333.0,897667.0,911000.0,942296.0
394532,12,"Detroit, MI",Msa,MI,219933.0,218267.0,224633.0,238000.0,253000.0,263000.0,264633.0,259600.0,251600.0,244633.0,237967.0,231267.0,226567.0,226567.0,233233.0,246567.0,259900.0,269900.0,271267.0,267633.0,258667.0,248967.0,239300.0,231633.0,225667.0,223967.0,228133.0,234100.0,245733.0,261233.0,277900.0,286300.0,283300.0,278333.0,273167.0,268133.0,264800.0,266633.0,276633.0,288300.0,298267.0,301600.0,299233.0,289267.0,275933.0,261600.0,249600.0,237933.0,226267.0,216467.0,214800.0
395025,13,"Riverside, CA",Msa,CA,390667.0,393333.0,396667.0,402666.0,406633.0,409966.0,409933.0,406633.0,403300.0,399966.0,399633.0,398633.0,398333.0,398663.0,402996.0,408330.0,415000.0,419967.0,423300.0,423300.0,420000.0,416667.0,415000.0,414663.0,414663.0,417963.0,422929.0,426263.0,427963.0,434667.0,446333.0,461333.0,471667.0,480000.0,485000.0,490000.0,491633.0,493300.0,494950.0,506650.0,521317.0,536333.0,544633.0,548300.0,549965.0,551665.0,553332.0,553627.0,551960.0,552260.0,561633.0
394976,14,"Phoenix, AZ",Msa,AZ,332633.0,338300.0,346333.0,351333.0,354333.0,352967.0,349967.0,344933.0,341600.0,339600.0,339300.0,339300.0,341266.0,343900.0,347267.0,351633.0,355967.0,359300.0,359933.0,360967.0,362633.0,364333.0,366633.0,369933.0,375767.0,382433.0,388967.0,384767.0,379800.0,378300.0,388300.0,396633.0,399967.0,399967.0,399633.0,399600.0,401300.0,404633.0,412967.0,422967.0,436633.0,448000.0,458333.0,464667.0,468333.0,471333.0,474997.0,478330.0,483163.0,488167.0,494800.0
395078,15,"Seattle, WA",Msa,WA,508316.0,528316.0,558817.0,583783.0,597117.0,599617.0,592650.0,581000.0,567983.0,564650.0,561317.0,561317.0,563317.0,578300.0,601633.0,626633.0,641950.0,643633.0,635300.0,624650.0,617614.0,615941.0,617791.0,621477.0,631450.0,647617.0,662633.0,662330.0,659647.0,659647.0,668283.0,669967.0,663300.0,651650.0,639983.0,636317.0,639667.0,654667.0,670000.0,686650.0,698317.0,704967.0,704967.0,697963.0,694647.0,692997.0,691665.0,686648.0,691615.0,713117.0,749467.0
394865,16,"Minneapolis-St Paul, MN",Msa,MN,354734.0,372037.0,387641.0,393486.0,391752.0,383985.0,375317.0,368070.0,360268.0,356454.0,351565.0,351530.0,357043.0,369214.0,384849.0,393517.0,395251.0,388320.0,382980.0,374311.0,369075.0,362310.0,361877.0,361911.0,368850.0,379651.0,390050.0,393517.0,393517.0,393486.0,395185.0,393451.0,386551.0,378260.0,369626.0,369592.0,371321.0,379927.0,388133.0,392962.0,392962.0,389629.0,387933.0,382967.0,378300.0,373333.0,373333.0,378000.0,389000.0,402633.0,414600.0
395056,17,"San Diego, CA",Msa,CA,705667.0,722333.0,735667.0,749333.0,749633.0,749633.0,742633.0,725998.0,706298.0,689965.0,681633.0,676667.0,676333.0,681333.0,693000.0,713300.0,732967.0,745967.0,747667.0,747667.0,747667.0,745667.0,742667.0,742667.0,746000.0,755667.0,769667.0,770000.0,770000.0,781333.0,814667.0,840000.0,840000.0,830000.0,814967.0,812967.0,815967.0,832667.0,843000.0,856333.0,856300.0,855967.0,847967.0,844666.0,841333.0,841666.0,844998.0,848632.0,856598.0,872933.0,889633.0
395121,18,"St. Louis, MO",Msa,MO,190933.0,191267.0,196567.0,204933.0,213267.0,218267.0,219733.0,219433.0,219133.0,217667.0,214667.0,209967.0,206267.0,207900.0,216100.0,227800.0,237800.0,242967.0,243567.0,241900.0,239900.0,237933.0,234600.0,229933.0,228300.0,231633.0,237467.0,242633.0,248963.0,255097.0,259897.0,259233.0,257267.0,255358.0,253025.0,249691.0,248300.0,252733.0,261033.0,271000.0,273600.0,271967.0,264667.0,257666.0,252633.0,247300.0,243933.0,242300.0,244467.0,251133.0,259433.0
395148,19,"Tampa, FL",Msa,FL,260147.0,260147.0,261785.0,265030.0,269882.0,273094.0,273062.0,270331.0,267118.0,263938.0,261817.0,259568.0,258926.0,258926.0,262396.0,267857.0,275761.0,280760.0,282335.0,280889.0,279456.0,279167.0,277560.0,275665.0,273384.0,273384.0,274665.0,274055.0,275629.0,279167.0,286087.0,292545.0,297040.0,302649.0,303610.0,302650.0,300159.0,299599.0,305000.0,315000.0,331633.0,346600.0,359930.0,368297.0,373963.0,378967.0,385633.0,392330.0,396997.0,405327.0,416330.0
394358,20,"Baltimore, MD",Msa,MD,303233.0,299900.0,304933.0,313300.0,326633.0,337967.0,345967.0,345967.0,341967.0,335633.0,329000.0,320000.0,313333.0,311667.0,316667.0,328300.0,339967.0,348658.0,350717.0,350683.0,346958.0,341600.0,334633.0,327967.0,322933.0,323233.0,329933.0,339443.0,347810.0,356140.0,362997.0,364663.0,361300.0,356600.0,350933.0,345933.0,340633.0,342967.0,351333.0,361633.0,371300.0,374633.0,374666.0,368000.0,361333.0,353167.0,346833.0,340167.0,334967.0,331467.0,336467.0
394530,21,"Denver, CO",Msa,CO,540977.0,554344.0,557554.0,555871.0,547538.0,536317.0,519667.0,506333.0,494000.0,487000.0,480333.0,477666.0,481333.0,491748.0,507082.0,518748.0,523333.0,521667.0,516633.0,509933.0,502900.0,497933.0,497933.0,500122.0,510122.0,526788.0,541633.0,544967.0,541663.0,541663.0,547238.0,550575.0,544542.0,532727.0,521390.0,519723.0,525963.0,537300.0,548997.0,565663.0,582330.0,598333.0,606666.0,610167.0,611833.0,614833.0,619667.0,626317.0,632185.0,640518.0,653868.0
394982,22,"Pittsburgh, PA",Msa,PA,171567.0,169900.0,173233.0,177267.0,182967.0,184667.0,183967.0,181600.0,179900.0,178267.0,175933.0,172633.0,170933.0,170799.0,174967.0,181633.0,189133.0,194800.0,198133.0,199467.0,198633.0,195300.0,190633.0,184967.0,183300.0,185667.0,192300.0,197300.0,204900.0,214900.0,227567.0,233933.0,233967.0,234333.0,234633.0,234633.0,234633.0,238000.0,244633.0,253267.0,258233.0,258266.0,249633.0,239633.0,232633.0,227967.0,224633.0,219300.0,214267.0,210967.0,211633.0
394998,23,"Portland, OR",Msa,OR,463156.0,469607.0,476075.0,482220.0,483833.0,483817.0,480575.0,474091.0,466027.0,459575.0,456350.0,454737.0,456366.0,459591.0,466072.0,471717.0,475943.0,476914.0,474511.0,470317.0,464510.0,460962.0,457737.0,457737.0,460640.0,468865.0,475317.0,474349.0,474188.0,476683.0,487941.0,492780.0,496736.0,499962.0,508671.0,518349.0,525528.0,530638.0,538167.0,553333.0,573333.0,589667.0,594667.0,589633.0,581967.0,576617.0,574967.0,575600.0,582250.0,589400.0,596734.0
394458,24,"Charlotte, NC",Msa,NC,327263.0,327295.0,331839.0,338288.0,344674.0,347077.0,344159.0,337773.0,330858.0,324425.0,320216.0,316637.0,315024.0,317620.0,324102.0,332164.0,340194.0,344700.0,344700.0,340863.0,335680.0,333100.0,330520.0,330979.0,331624.0,334848.0,339582.0,341484.0,345919.0,351078.0,361914.0,367344.0,369290.0,368946.0,369544.0,369998.0,369841.0,371674.0,377640.0,387797.0,398960.0,406293.0,408883.0,406186.0,404553.0,406967.0,410000.0,410000.0,407467.0,404467.0,406797.0
395045,25,"Sacramento, CA",Msa,CA,461967.0,467042.0,475692.0,485192.0,491817.0,491500.0,486333.0,479667.0,471333.0,464667.0,457333.0,455633.0,457617.0,465950.0,480528.0,492178.0,502811.0,511267.0,517967.0,521000.0,516300.0,509630.0,503280.0,504317.0,510653.0,519837.0,525500.0,525800.0,524967.0,527967.0,537667.0,547667.0,559633.0,567617.0,575933.0,580633.0,586317.0,587983.0,583313.0,586646.0,596663.0,611333.0,619667.0,617300.0,615933.0,614267.0,618300.0,625000.0,634667.0,644667.0,652054.0
395055,26,"San Antonio, TX",Msa,TX,279966.0,280000.0,283000.0,288657.0,295085.0,298418.0,297761.0,293667.0,288633.0,283633.0,281433.0,280800.0,280800.0,280633.0,281633.0,284967.0,290000.0,293145.0,293112.0,289778.0,286600.0,283297.0,281297.0,278996.0,278633.0,278966.0,282633.0,286167.0,290167.0,293800.0,297300.0,299933.0,299633.0,297967.0,294666.0,291333.0,289333.0,290967.0,294633.0,300772.0,306302.0,316302.0,329663.0,342166.0,348133.0,348136.0,345136.0,344003.0,344833.0,353830.0,363993.0
394943,27,"Orlando, FL",Msa,FL,299900.0,302933.0,309300.0,317667.0,323000.0,325000.0,324967.0,323267.0,319933.0,314933.0,308300.0,303280.0,299947.0,299947.0,303463.0,310163.0,318497.0,323333.0,325000.0,325000.0,325627.0,325627.0,325627.0,325000.0,324967.0,326600.0,328567.0,325690.0,322390.0,320753.0,325330.0,328663.0,330863.0,332497.0,333330.0,332467.0,330163.0,328997.0,331433.0,338028.0,346025.0,356922.0,367630.0,378300.0,384966.0,391600.0,396263.0,399563.0,402930.0,410900.0,425597.0
394466,28,"Cincinnati, OH",Msa,OH,218300.0,219967.0,231600.0,248267.0,261600.0,267600.0,265900.0,259233.0,251600.0,244967.0,241330.0,236297.0,232930.0,236600.0,249933.0,266300.0,279467.0,285590.0,287590.0,284090.0,278667.0,272000.0,265633.0,261300.0,261267.0,269600.0,283233.0,295600.0,308967.0,322000.0,333000.0,334167.0,327500.0,320800.0,313267.0,311233.0,312267.0,321333.0,332997.0,346993.0,360960.0,366130.0,361133.0,347767.0,336600.0,331567.0,329838.0,331035.0,337702.0,347793.0,358297.0
394475,29,"Cleveland, OH",Msa,OH,161567.0,161567.0,164900.0,171433.0,176433.0,181569.0,183403.0,183403.0,181600.0,179867.0,178233.0,176567.0,174800.0,176433.0,179798.0,185402.0,191936.0,196904.0,199467.0,196267.0,192933.0,188267.0,184933.0,181600.0,179900.0,180600.0,185633.0,192000.0,201300.0,209600.0,218267.0,220967.0,214300.0,205933.0,196600.0,192967.0,191333.0,199497.0,213130.0,229763.0,238233.0,237933.0,230967.0,220967.0,211267.0,201567.0,196900.0,193600.0,190267.0,183267.0,179900.0
394735,30,"Kansas City, MO",Msa,MO,254656.0,259950.0,269617.0,274633.0,277333.0,276000.0,275000.0,272300.0,272617.0,280283.0,286950.0,293300.0,296600.0,306933.0,320267.0,331633.0,337967.0,336300.0,329967.0,319967.0,312967.0,308267.0,304967.0,301967.0,306633.0,316897.0,333230.0,342930.0,352667.0,359633.0,364950.0,361617.0,353317.0,344983.0,341602.0,339769.0,342435.0,354133.0,370630.0,384647.0,391330.0,389967.0,382967.0,367967.0,357010.0,353977.0,360310.0,372950.0,390967.0,409800.0,422817.0
394775,31,"Las Vegas, NV",Msa,NV,290167.0,291967.0,294967.0,306300.0,324333.0,341333.0,349333.0,347967.0,341300.0,333299.0,324966.0,321599.0,318264.0,314964.0,312631.0,313300.0,316633.0,320666.0,323333.0,324333.0,322633.0,320933.0,319933.0,319967.0,321333.0,325647.0,333981.0,335647.0,333300.0,329933.0,334900.0,341267.0,344633.0,346333.0,347167.0,347167.0,345833.0,345000.0,354300.0,372283.0,397283.0,416317.0,426667.0,435167.0,444333.0,456333.0,466167.0,476667.0,487967.0,499633.0,509967.0
394492,32,"Columbus, OH",Msa,OH,254267.0,268633.0,285300.0,302630.0,311630.0,317463.0,315767.0,307433.0,294933.0,283267.0,274767.0,268133.0,264800.0,269967.0,286800.0,306800.0,320133.0,325933.0,325967.0,320262.0,309262.0,295095.0,285767.0,280133.0,282600.0,292267.0,306233.0,316233.0,326567.0,336567.0,344933.0,341600.0,329967.0,321600.0,318300.0,321297.0,322327.0,326990.0,333993.0,342993.0,348297.0,348293.0,345797.0,340830.0,335500.0,332997.0,337663.0,345327.0,353297.0,359627.0,364930.0
394705,33,"Indianapolis, IN",Msa,IN,211433.0,215933.0,227600.0,251633.0,272600.0,284297.0,279297.0,269663.0,259633.0,249600.0,239900.0,232933.0,229633.0,234667.0,248300.0,266633.0,281600.0,286600.0,284900.0,279767.0,274800.0,269800.0,264633.0,257967.0,256300.0,261288.0,273255.0,283255.0,291900.0,302233.0,310600.0,315600.0,309633.0,299633.0,287667.0,279667.0,277667.0,280119.0,288119.0,296353.0,302565.0,303648.0,302380.0,302383.0,304963.0,307661.0,309660.0,312963.0,317630.0,323932.0,327265.0
395059,34,"San Jose, CA",Msa,CA,1071296.0,1104629.0,1154629.0,1208333.0,1243333.0,1259667.0,1242667.0,1199333.0,1155667.0,1122000.0,1088629.0,1048629.0,1015592.0,1031963.0,1065963.0,1113000.0,1139333.0,1156000.0,1144140.0,1118073.0,1101390.0,1099583.0,1096316.0,1072450.0,1072412.0,1108413.0,1165629.0,1192333.0,1192667.0,1209333.0,1237451.0,1254451.0,1254446.0,1248562.0,1248562.0,1231567.0,1216296.0,1216296.0,1234963.0,1251667.0,1268300.0,1283267.0,1296600.0,1286263.0,1279296.0,1266296.0,1243333.0,1216333.0,1228666.0,1278667.0,1346000.0
394355,35,"Austin, TX",Msa,TX,352224.0,354044.0,358299.0,362885.0,364256.0,364256.0,361220.0,355667.0,349589.0,345030.0,341601.0,337346.0,334628.0,336163.0,343111.0,352212.0,358291.0,355901.0,347695.0,338881.0,332802.0,329733.0,327893.0,324854.0,324884.0,328711.0,338970.0,346340.0,354383.0,363879.0,375049.0,384648.0,391639.0,397652.0,401951.0,401997.0,404330.0,415497.0,433997.0,458000.0,478000.0,493000.0,503333.0,507000.0,515330.0,519997.0,524993.0,524993.0,526163.0,535309.0,558645.0
395194,36,"Virginia Beach, VA",Msa,VA,258117.0,257794.0,260695.0,265176.0,270623.0,274201.0,276521.0,276554.0,276231.0,273972.0,272328.0,270555.0,271364.0,274297.0,279293.0,284902.0,288415.0,289995.0,289995.0,289995.0,289704.0,289414.0,289414.0,289704.0,289995.0,290024.0,293215.0,297269.0,303687.0,308905.0,314520.0,317743.0,317392.0,316391.0,313006.0,308250.0,302883.0,299930.0,301630.0,306662.0,309998.0,309998.0,305000.0,301667.0,300000.0,300000.0,300000.0,300000.0,300000.0,303333.0,309967.0
394902,37,"Nashville, TN",Msa,TN,372600.0,373933.0,376400.0,379600.0,379633.0,377966.0,374300.0,367933.0,362966.0,359800.0,358133.0,356433.0,354933.0,354933.0,356600.0,359933.0,364633.0,367967.0,367633.0,364600.0,361267.0,359600.0,357933.0,355967.0,352967.0,353000.0,354967.0,358296.0,362963.0,367996.0,374633.0,378267.0,381597.0,381630.0,381273.0,379577.0,381243.0,389267.0,399300.0,412630.0,424663.0,437997.0,447997.0,451630.0,451630.0,454967.0,460000.0,463300.0,460630.0,468930.0,489213.0
395005,38,"Providence, RI",Msa,RI,345871.0,347654.0,353073.0,359925.0,365170.0,366883.0,367057.0,367057.0,367057.0,365274.0,361429.0,356219.0,354471.0,357968.0,366358.0,376532.0,383839.0,387650.0,387964.0,387964.0,387650.0,385936.0,382440.0,375763.0,370519.0,373700.0,384188.0,394642.0,401949.0,408941.0,419464.0,424743.0,421282.0,410759.0,400271.0,396425.0,396607.0,407170.0,408000.0,413333.0,413000.0,427000.0,437000.0,442300.0,438267.0,436567.0,433233.0,431600.0,434633.0,441333.0,452667.0
394862,39,"Milwaukee, WI",Msa,WI,216100.0,217767.0,226233.0,237933.0,248633.0,255300.0,257267.0,254900.0,248267.0,242967.0,236300.0,232633.0,231267.0,234600.0,238233.0,238267.0,238267.0,239467.0,241133.0,241133.0,236600.0,231600.0,226467.0,221500.0,219800.0,221600.0,231600.0,241600.0,251600.0,256600.0,259967.0,256633.0,250800.0,243800.0,237833.0,232000.0,225667.0,223300.0,224933.0,229900.0,236567.0,236567.0,229933.0,218300.0,211633.0,206633.0,203267.0,196633.0,194933.0,193300.0,199633.0
394714,40,"Jacksonville, FL",Msa,FL,301300.0,304933.0,309967.0,314633.0,316580.0,316547.0,313103.0,307855.0,302555.0,298000.0,296300.0,296297.0,296327.0,297693.0,299697.0,304667.0,311667.0,314015.0,310682.0,304012.0,299663.0,299630.0,299300.0,298628.0,298628.0,301928.0,306267.0,307297.0,309330.0,312330.0,317967.0,319300.0,317967.0,314667.0,309333.0,306650.0,306554.0,310550.0,316897.0,326993.0,338663.0,346667.0,350163.0,352463.0,357460.0,362426.0,365459.0,367779.0,370983.0,378647.0,392997.0
394849,41,"Memphis, TN",Msa,TN,186900.0,182154.0,180885.0,183932.0,187107.0,194694.0,199614.0,205265.0,206884.0,208439.0,208693.0,205836.0,202694.0,200313.0,203170.0,207931.0,215550.0,220630.0,223804.0,223772.0,223296.0,223264.0,223296.0,223772.0,222217.0,222185.0,225328.0,230090.0,235709.0,241137.0,247486.0,251073.0,247261.0,244086.0,242848.0,243166.0,242382.0,239744.0,243067.0,247748.0,256178.0,259811.0,261597.0,261600.0,263300.0,266667.0,268333.0,266667.0,259967.0,249933.0,241267.0
394935,42,"Oklahoma City, OK",Msa,OK,235896.0,237953.0,242663.0,247839.0,252296.0,252985.0,252985.0,250208.0,248460.0,246712.0,246746.0,246746.0,248708.0,253439.0,262009.0,270876.0,277455.0,278860.0,276634.0,272113.0,268993.0,267279.0,267348.0,267348.0,269062.0,273004.0,278317.0,281745.0,286373.0,293419.0,299209.0,300580.0,296825.0,294525.0,293150.0,292465.0,292272.0,295545.0,303067.0,313833.0,321200.0,322947.0,319613.0,314447.0,309833.0,305196.0,305453.0,310420.0,321723.0,335413.0,349905.0
394807,43,"Louisville-Jefferson County, KY",Msa,KY,232000.0,240300.0,253933.0,266567.0,274600.0,276600.0,274800.0,271467.0,267833.0,265967.0,262133.0,257133.0,254133.0,257267.0,266900.0,278433.0,287467.0,291133.0,289633.0,284633.0,277967.0,269600.0,259933.0,252267.0,248800.0,253433.0,264739.0,278206.0,290206.0,296567.0,299600.0,296900.0,288567.0,278752.0,267318.0,261852.0,258667.0,264467.0,273267.0,283233.0,289933.0,293267.0,291633.0,288267.0,281633.0,278300.0,275000.0,275663.0,277297.0,282777.0,290413.0
394669,44,"Hartford, CT",Msa,CT,274858.0,279267.0,287784.0,293735.0,297463.0,297497.0,297497.0,297190.0,295479.0,293769.0,290657.0,288912.0,287202.0,289254.0,292709.0,299549.0,304338.0,310323.0,310323.0,310016.0,306048.0,302662.0,299550.0,297190.0,296163.0,296197.0,302320.0,310152.0,320379.0,328246.0,338438.0,344971.0,344971.0,341311.0,336489.0,333068.0,330507.0,332682.0,339900.0,348233.0,351567.0,346600.0,338300.0,330000.0,326667.0,324933.0,324933.0,329900.0,338267.0,349900.0,356567.0
395022,45,"Richmond, VA",Msa,VA,298076.0,298967.0,306871.0,318567.0,326292.0,329422.0,329731.0,327509.0,322729.0,315885.0,311228.0,309474.0,309440.0,311177.0,319809.0,331863.0,343814.0,348629.0,348990.0,343918.0,337383.0,330161.0,326687.0,326629.0,329363.0,334518.0,341438.0,350397.0,360065.0,370055.0,377243.0,381353.0,380304.0,379752.0,380726.0,384536.0,388069.0,392163.0,395830.0,398896.0,399263.0,394763.0,386525.0,380192.0,377025.0,380330.0,385663.0,395993.0,407327.0,416960.0,412630.0
394910,46,"New Orleans, LA",Msa,LA,245925.0,242592.0,243167.0,249500.0,257000.0,262167.0,263667.0,262800.0,259767.0,256900.0,253600.0,251633.0,249967.0,251633.0,255967.0,262633.0,269267.0,272267.0,272267.0,270300.0,269133.0,268167.0,267133.0,265133.0,262767.0,261467.0,263933.0,268967.0,276267.0,282600.0,288400.0,293433.0,296800.0,299000.0,299000.0,299000.0,297667.0,296187.0,296487.0,304487.0,314633.0,324333.0,326333.0,324333.0,321300.0,321300.0,324933.0,327967.0,331300.0,333958.0,335958.0
394425,47,"Buffalo, NY",Msa,NY,188746.0,190579.0,197913.0,207081.0,214415.0,218083.0,219916.0,219036.0,217239.0,213572.0,208951.0,203414.0,199784.0,200884.0,204588.0,211885.0,219953.0,227250.0,230954.0,227287.0,223340.0,219306.0,215639.0,212252.0,208915.0,208915.0,212582.0,219916.0,231284.0,242322.0,249656.0,249290.0,245586.0,240085.0,236418.0,232054.0,229882.0,236209.0,246567.0,259900.0,266267.0,265967.0,259300.0,249600.0,241600.0,234967.0,231633.0,229933.0,229600.0,229600.0,232966.0
395012,48,"Raleigh, NC",Msa,NC,344002.0,345635.0,352363.0,361972.0,368347.0,368347.0,366427.0,363175.0,359683.0,353276.0,347910.0,343425.0,341503.0,342143.0,348551.0,358802.0,368381.0,371584.0,368669.0,363864.0,360628.0,358706.0,354734.0,349928.0,346725.0,349095.0,355182.0,358795.0,364061.0,369219.0,378420.0,383438.0,387055.0,389610.0,390605.0,390413.0,390413.0,393933.0,399577.0,406240.0,411340.0,415727.0,420063.0,423330.0,425000.0,424967.0,425367.0,425367.0,425400.0,427333.0,437675.0
394388,49,"Birmingham, AL",Msa,AL,206683.0,207217.0,215217.0,226584.0,236051.0,239384.0,239900.0,239900.0,238233.0,234600.0,230967.0,229300.0,229600.0,233233.0,239900.0,249900.0,258567.0,265233.0,270267.0,271633.0,272333.0,272102.0,272068.0,269733.0,266598.0,265798.0,267433.0,269100.0,273233.0,278100.0,281967.0,281833.0,277000.0,274800.0,273300.0,276113.0,277180.0,279147.0,281300.0,287233.0,293267.0,295933.0,293633.0,290633.0,289633.0,293583.0,297883.0,300032.0,294902.0,280602.0,265154.0
395053,50,"Salt Lake City, UT",Msa,UT,416371.0,421643.0,428742.0,434759.0,441894.0,445781.0,447219.0,445089.0,440102.0,432825.0,427535.0,425264.0,425406.0,429275.0,436516.0,448941.0,459590.0,466548.0,464790.0,459501.0,454354.0,452561.0,453435.0,456984.0,464049.0,475596.0,484467.0,482727.0,479146.0,482344.0,493029.0,498567.0,497147.0,495336.0,500341.0,512410.0,525714.0,533801.0,531667.0,536333.0,547967.0,562967.0,564438.0,559853.0,551520.0,547049.0,545000.0,554663.0,569663.0,585930.0,601367.0
395031,51,"Rochester, NY",Msa,NY,183757.0,190896.0,200962.0,213063.0,221987.0,226199.0,222665.0,215561.0,208422.0,203425.0,199106.0,199106.0,204425.0,215883.0,228411.0,241619.0,248722.0,251399.0,248901.0,243546.0,235479.0,224771.0,217275.0,210172.0,210814.0,220095.0,236158.0,253363.0,262286.0,267605.0,268351.0,268167.0,260885.0,253000.0,246045.0,253143.0,261047.0,274718.0,280667.0,282333.0,273233.0,261600.0,253267.0,244967.0,234966.0,224666.0,219332.0,216817.0,218817.0,222450.0,224933.0
394640,52,"Grand Rapids, MI",Msa,MI,261633.0,269967.0,281667.0,291667.0,298300.0,299967.0,298300.0,293500.0,288467.0,285433.0,286900.0,288567.0,289900.0,292933.0,298967.0,307333.0,312633.0,313267.0,310933.0,305933.0,302300.0,296267.0,292933.0,289900.0,292933.0,297933.0,306267.0,313233.0,318233.0,319900.0,321267.0,321300.0,321300.0,318695.0,318695.0,320788.0,326106.0,335439.0,344462.0,353178.0,361145.0,369730.0,376967.0,378300.0,376767.0,371767.0,369767.0,373244.0,384877.0,401544.0,414933.0
395167,53,"Tucson, AZ",Msa,AZ,260933.0,264300.0,269333.0,275000.0,280000.0,281333.0,281300.0,280967.0,282967.0,282997.0,281497.0,279663.0,279667.0,282333.0,288167.0,294800.0,298933.0,298267.0,296300.0,293553.0,293520.0,293803.0,294530.0,292863.0,292913.0,294933.0,298300.0,298933.0,300600.0,308933.0,319933.0,329967.0,328300.0,323333.0,319844.0,321511.0,326707.0,335163.0,349493.0,365930.0,376937.0,383113.0,383113.0,380473.0,374967.0,370000.0,368000.0,367967.0,371267.0,377267.0,387267.0
753924,54,"Urban Honolulu, HI",Msa,HI,664333.0,661667.0,654629.0,647963.0,650963.0,658000.0,663000.0,668333.0,671667.0,669667.0,664667.0,662333.0,669000.0,671667.0,672333.0,668667.0,669000.0,670333.0,670667.0,669333.0,661333.0,654967.0,649633.0,647967.0,642767.0,636433.0,629767.0,621667.0,611333.0,604667.0,606333.0,606333.0,599667.0,591000.0,591000.0,599333.0,602667.0,586333.0,576000.0,575333.0,600333.0,624000.0,651667.0,676333.0,691333.0,691333.0,684667.0,674667.0,673000.0,678333.0,696667.0
395169,55,"Tulsa, OK",Msa,OK,191748.0,192522.0,196855.0,202427.0,205986.0,206296.0,205332.0,204558.0,204527.0,204222.0,204222.0,204222.0,204562.0,207348.0,213260.0,220688.0,227188.0,230283.0,231800.0,231026.0,231722.0,233270.0,235591.0,236752.0,235205.0,235205.0,238300.0,244506.0,252244.0,261529.0,269562.0,274204.0,274204.0,274951.0,275309.0,275197.0,273811.0,273778.0,285881.0,298233.0,309503.0,302869.0,295736.0,288500.0,288333.0,288800.0,286907.0,284007.0,287207.0,300100.0,315293.0
394619,56,"Fresno, CA",Msa,CA,334731.0,331728.0,331693.0,334973.0,339840.0,342291.0,342464.0,340738.0,338148.0,335587.0,333516.0,330236.0,325893.0,324478.0,326204.0,334531.0,344922.0,355279.0,363333.0,364714.0,364369.0,359708.0,355030.0,351889.0,351216.0,354478.0,359370.0,362097.0,367310.0,372861.0,382907.0,389380.0,391845.0,390464.0,390896.0,390105.0,390612.0,388726.0,390933.0,400050.0,414050.0,424050.0,424967.0,421667.0,423150.0,429779.0,439446.0,448963.0,452300.0,437633.0,426633.0
395238,57,"Worcester, MA",Msa,MA,278652.0,281808.0,287891.0,297414.0,306969.0,313626.0,315234.0,314470.0,312877.0,309677.0,306860.0,302114.0,300235.0,302256.0,311779.0,324805.0,335921.0,343883.0,344871.0,341686.0,336622.0,333405.0,331494.0,328946.0,327990.0,329901.0,340698.0,351846.0,363981.0,371975.0,378376.0,381880.0,381530.0,382464.0,385349.0,391300.0,396267.0,399600.0,399900.0,399875.0,399908.0,406941.0,410333.0,410333.0,403333.0,399967.0,399633.0,396267.0,392933.0,394933.0,406633.0
394415,58,"Stamford, CT",Msa,CT,675661.0,710796.0,753275.0,777870.0,784898.0,782473.0,768770.0,751202.0,737148.0,736797.0,733599.0,730403.0,727241.0,730755.0,743086.0,756789.0,764554.0,755419.0,738167.0,712869.0,695653.0,690418.0,695688.0,700572.0,703910.0,714450.0,726783.0,733986.0,744175.0,761743.0,780716.0,786303.0,777870.0,767330.0,752959.0,747337.0,744678.0,782079.0,812633.0,829000.0,820967.0,806300.0,783300.0,736333.0,699667.0,682667.0,697967.0,715967.0,756267.0,821300.0,873300.0
394312,59,"Albuquerque, NM",Msa,NM,252400.0,254121.0,258978.0,265867.0,272446.0,275890.0,274133.0,269311.0,263456.0,261734.0,261699.0,263335.0,263370.0,266814.0,272056.0,278945.0,282940.0,286157.0,287707.0,288675.0,288568.0,288706.0,288468.0,287091.0,288813.0,295832.0,304443.0,309644.0,316877.0,330655.0,346361.0,355281.0,355746.0,350339.0,343140.0,338022.0,337723.0,339116.0,344993.0,350830.0,360497.0,365467.0,369600.0,369933.0,371633.0,378333.0,383333.0,384997.0,386660.0,389990.0,400117.0
394308,60,"Albany, NY",Msa,NY,243866.0,247616.0,251885.0,253481.0,255152.0,257472.0,261593.0,265119.0,265027.0,263950.0,264136.0,264136.0,263393.0,263542.0,267217.0,272600.0,276312.0,278206.0,280210.0,279876.0,276164.0,272823.0,271709.0,273528.0,271301.0,272377.0,277018.0,284442.0,291904.0,301965.0,313102.0,319042.0,313659.0,306939.0,299913.0,298775.0,297540.0,300396.0,306267.0,311400.0,309600.0,297933.0,286433.0,278267.0,274933.0,269933.0,265767.0,264133.0,263633.0,267633.0,274300.0
394938,61,"Omaha, NE",Msa,NE,277635.0,285486.0,293866.0,303980.0,309256.0,309290.0,305924.0,302558.0,300018.0,293690.0,287231.0,284689.0,287634.0,296113.0,309609.0,322399.0,329097.0,326404.0,323291.0,318277.0,312185.0,301868.0,293757.0,290728.0,293084.0,301912.0,311168.0,317899.0,322197.0,326421.0,330763.0,330796.0,326269.0,322998.0,319675.0,320064.0,320363.0,327301.0,333889.0,339833.0,339389.0,332555.0,322555.0,315000.0,310000.0,310000.0,313191.0,329855.0,354855.0,379997.0,393833.0
394908,62,"New Haven, CT",Msa,CT,284217.0,290879.0,301030.0,312889.0,321610.0,327191.0,327505.0,322621.0,317354.0,313552.0,310064.0,304867.0,299983.0,301692.0,308634.0,319273.0,324505.0,324540.0,319098.0,313901.0,308634.0,305146.0,303053.0,301343.0,299599.0,299913.0,305111.0,310343.0,322552.0,332702.0,346655.0,349341.0,347945.0,340969.0,335528.0,326807.0,320187.0,317912.0,323267.0,337967.0,349633.0,356267.0,351567.0,344900.0,338267.0,336600.0,336600.0,336567.0,338233.0,341267.0,354633.0
394357,63,"Bakersfield, CA",Msa,CA,249809.0,252739.0,258196.0,264475.0,267984.0,269256.0,268773.0,265553.0,260756.0,256571.0,253351.0,251065.0,248779.0,247202.0,249451.0,256032.0,262471.0,265727.0,266906.0,266262.0,264330.0,259790.0,257182.0,255862.0,257070.0,258712.0,263251.0,265296.0,266906.0,267195.0,271220.0,278947.0,286706.0,294607.0,298116.0,295863.0,291398.0,288289.0,292633.0,301600.0,313267.0,320300.0,325000.0,323333.0,323000.0,323300.0,333133.0,343100.0,346467.0,344967.0,348300.0
394753,64,"Knoxville, TN",Msa,TN,263017.0,262933.0,266633.0,276633.0,286600.0,291600.0,289933.0,283300.0,277300.0,272300.0,268933.0,267933.0,265967.0,266967.0,270600.0,279233.0,289900.0,296567.0,301600.0,301600.0,301300.0,296267.0,289600.0,283233.0,279900.0,283233.0,289933.0,298266.0,306885.0,318519.0,331885.0,341633.0,339998.0,331632.0,316630.0,306598.0,299932.0,299933.0,306633.0,326833.0,346800.0,356800.0,349967.0,345000.0,344667.0,342997.0,337997.0,334963.0,339933.0,354933.0,366633.0
394653,65,"Greenville, SC",Msa,SC,256323.0,258060.0,262496.0,268527.0,272487.0,275344.0,275628.0,275313.0,270500.0,265763.0,261311.0,258862.0,257314.0,258435.0,263710.0,271604.0,278251.0,279260.0,275808.0,269619.0,266178.0,264861.0,264814.0,263550.0,262003.0,264956.0,269449.0,272606.0,275669.0,281597.0,286542.0,288184.0,285974.0,286403.0,285044.0,282769.0,279254.0,279587.0,285885.0,299234.0,310567.0,320467.0,325267.0,330633.0,334300.0,332730.0,329397.0,325097.0,327300.0,335630.0,344930.0
394952,66,"Ventura, CA",Msa,CA,780332.0,780998.0,777665.0,785667.0,779319.0,772652.0,756319.0,748000.0,728330.0,711630.0,696630.0,689967.0,688333.0,691333.0,701000.0,712333.0,725667.0,739300.0,749617.0,761617.0,774317.0,784000.0,783667.0,780667.0,780967.0,793800.0,810800.0,807500.0,803000.0,806317.0,832650.0,856300.0,867950.0,871283.0,864300.0,862583.0,864583.0,898083.0,923467.0,943467.0,946633.0,931300.0,926300.0,897633.0,894000.0,889641.0,898308.0,901974.0,908000.0,914983.0,936650.0
394318,67,"Allentown, PA",Msa,PA,237022.0,236703.0,239580.0,246861.0,252509.0,254995.0,257056.0,255493.0,251940.0,247003.0,243274.0,241462.0,238656.0,240397.0,245725.0,253894.0,260998.0,264586.0,268134.0,268134.0,267761.0,264213.0,262082.0,258867.0,257091.0,259258.0,269914.0,278794.0,285862.0,287993.0,296518.0,303622.0,308275.0,311294.0,313780.0,317652.0,319314.0,327157.0,334632.0,340632.0,343330.0,339332.0,335665.0,329667.0,336000.0,339633.0,342633.0,342933.0,346367.0,350000.0,355033.0
394561,68,"El Paso, TX",Msa,TX,183828.0,184028.0,184213.0,184830.0,185357.0,187173.0,189351.0,191894.0,192620.0,192820.0,192838.0,194109.0,197014.0,200067.0,202772.0,204751.0,206783.0,208417.0,208417.0,207655.0,206947.0,206965.0,208436.0,208432.0,208432.0,206979.0,206983.0,206601.0,207527.0,209343.0,212993.0,215590.0,217387.0,218073.0,223778.0,227690.0,231719.0,230641.0,232448.0,235465.0,241500.0,247817.0,251983.0,252133.0,251800.0,252950.0,255967.0,259133.0,262467.0,265633.0,270067.0
394367,69,"Baton Rouge, LA",Msa,LA,230800.0,231600.0,234600.0,239600.0,244600.0,248266.0,248381.0,246581.0,244748.0,243000.0,241597.0,240063.0,240063.0,241600.0,243967.0,248800.0,253500.0,256167.0,254667.0,251088.0,247722.0,245722.0,243933.0,242300.0,240933.0,241600.0,244900.0,247933.0,249967.0,253300.0,257997.0,263780.0,267813.0,271312.0,271718.0,271018.0,269490.0,271267.0,276267.0,284933.0,294600.0,299633.0,301267.0,299297.0,298963.0,298963.0,305291.0,315291.0,328624.0,337267.0,340933.0
394521,70,"Dayton, OH",Msa,OH,138928.0,136762.0,140751.0,146131.0,151524.0,156561.0,162012.0,164201.0,162396.0,158749.0,156077.0,154272.0,154217.0,155084.0,160499.0,165970.0,174635.0,181856.0,190882.0,194853.0,193048.0,186580.0,181923.0,179067.0,177628.0,180480.0,192398.0,204998.0,216552.0,221931.0,222653.0,219657.0,216046.0,216874.0,216805.0,214600.0,213233.0,218267.0,224800.0,231500.0,238133.0,243300.0,244933.0,239633.0,232967.0,224667.0,219967.0,219215.0,222548.0,232582.0,242333.0
394843,71,"McAllen, TX",Msa,TX,192167.0,190500.0,190466.0,191600.0,192600.0,194300.0,194333.0,195000.0,196000.0,195000.0,193333.0,190633.0,189967.0,192800.0,196000.0,201000.0,204500.0,207967.0,207967.0,204967.0,201633.0,199967.0,199967.0,199967.0,199800.0,199467.0,199333.0,199167.0,202500.0,208000.0,215000.0,218667.0,223000.0,227330.0,230663.0,229330.0,225997.0,225997.0,230963.0,238300.0,244633.0,248667.0,251967.0,255300.0,256300.0,258000.0,258267.0,258267.0,257932.0,257965.0,259598.0
394486,72,"Columbia, SC",Msa,SC,191549.0,191549.0,196016.0,203935.0,211854.0,218506.0,220090.0,219457.0,217841.0,216289.0,218538.0,220153.0,224240.0,225190.0,227566.0,231082.0,234566.0,236625.0,233743.0,229308.0,224842.0,221674.0,219009.0,216824.0,216855.0,220153.0,224585.0,229117.0,233077.0,235582.0,238780.0,240997.0,240997.0,240078.0,239960.0,241624.0,243121.0,245288.0,249826.0,255330.0,260636.0,264073.0,268440.0,271500.0,276167.0,279533.0,284533.0,288790.0,292723.0,297190.0,303128.0
394648,73,"Greensboro, NC",Msa,NC,195277.0,198600.0,206633.0,218600.0,229600.0,234900.0,240600.0,247267.0,254633.0,256467.0,253133.0,249100.0,248267.0,251600.0,259933.0,269900.0,279900.0,281567.0,279198.0,270500.0,268033.0,265196.0,263996.0,261830.0,260066.0,259963.0,261297.0,261600.0,267967.0,276630.0,286660.0,291993.0,288297.0,281600.0,271517.0,266550.0,266550.0,268633.0,274297.0,279589.0,285589.0,291559.0,298300.0,303600.0,304630.0,304930.0,308263.0,315400.0,323900.0,331933.0,340467.0
394304,74,"Akron, OH",Msa,OH,145900.0,144233.0,145733.0,152359.0,160692.0,168192.0,173233.0,172933.0,169600.0,164600.0,159900.0,154900.0,151567.0,151600.0,155633.0,160633.0,167300.0,173267.0,177892.0,177859.0,173892.0,169267.0,163600.0,157567.0,152567.0,152433.0,157433.0,164100.0,171567.0,178267.0,184633.0,187667.0,184333.0,181300.0,174933.0,171381.0,166114.0,167781.0,176333.0,189100.0,200467.0,206800.0,205967.0,202933.0,196567.0,191567.0,184900.0,178233.0,169600.0,168967.0,178000.0
753906,75,"North Port-Sarasota-Bradenton, FL",Msa,FL,359350.0,359933.0,361600.0,361600.0,364600.0,366267.0,369633.0,368300.0,364666.0,361000.0,357667.0,356333.0,356333.0,357997.0,362663.0,367997.0,374333.0,378000.0,379333.0,377967.0,374300.0,372967.0,374333.0,377167.0,377167.0,375833.0,375000.0,371663.0,368330.0,368330.0,374885.0,379885.0,382552.0,382667.0,383997.0,386660.0,387993.0,393297.0,404300.0,420966.0,437633.0,451963.0,464260.0,473623.0,481260.0,491293.0,506963.0,522662.0,536136.0,555466.0,583134.0
394798,76,"Little Rock, AR",Msa,AR,169131.0,171593.0,173256.0,175688.0,177873.0,179413.0,179136.0,177566.0,176026.0,176180.0,176211.0,176211.0,175410.0,176026.0,178828.0,182861.0,189941.0,194867.0,198561.0,198561.0,196991.0,195451.0,193050.0,192158.0,191234.0,192096.0,195790.0,199792.0,204410.0,206226.0,207457.0,205918.0,205949.0,206689.0,210082.0,211908.0,213877.0,214424.0,221633.0,227300.0,232267.0,232300.0,233300.0,233333.0,231500.0,229833.0,228167.0,224967.0,223267.0,223267.0,228300.0
395134,77,"Stockton, CA",Msa,CA,381317.0,383283.0,381633.0,383300.0,384000.0,390667.0,392333.0,391667.0,388333.0,384667.0,382667.0,381000.0,377967.0,376633.0,379633.0,393000.0,408667.0,422000.0,430333.0,436333.0,438259.0,436099.0,436066.0,437473.0,436300.0,434667.0,434967.0,436830.0,438480.0,445177.0,456613.0,469963.0,476596.0,481629.0,481629.0,486650.0,485650.0,492316.0,492333.0,506666.0,518333.0,540000.0,556667.0,569983.0,569983.0,562967.0,561283.0,569617.0,581300.0,592112.0,610429.0
394457,78,"Charleston, SC",Msa,SC,358926.0,361625.0,366267.0,372526.0,377318.0,379414.0,379294.0,374802.0,368210.0,362221.0,358384.0,355392.0,354045.0,357881.0,366865.0,375850.0,380342.0,381840.0,379743.0,373754.0,366237.0,360816.0,359169.0,358899.0,358630.0,360873.0,367132.0,370723.0,377315.0,382436.0,391124.0,396514.0,400108.0,403336.0,405131.0,408667.0,412633.0,421938.0,432932.0,445778.0,463576.0,477913.0,480733.0,466300.0,445800.0,436567.0,433563.0,435730.0,443630.0,461600.0,485930.0
395143,79,"Syracuse, NY",Msa,NY,129017.0,130172.0,133554.0,139162.0,142234.0,143643.0,144798.0,145954.0,145982.0,144827.0,143671.0,143305.0,143305.0,144714.0,147870.0,153507.0,159143.0,164244.0,165653.0,163990.0,161454.0,158636.0,157480.0,156353.0,156917.0,159735.0,163934.0,171261.0,178307.0,185352.0,188762.0,188790.0,188819.0,189668.0,189302.0,187526.0,182880.0,182880.0,185913.0,192933.0,201267.0,208233.0,208233.0,199267.0,187600.0,180933.0,177767.0,175967.0,170967.0,176133.0,181267.0
394484,80,"Colorado Springs, CO",Msa,CO,474546.0,472751.0,468264.0,464463.0,462633.0,450034.0,434241.0,417730.0,408792.0,405203.0,403803.0,404162.0,410776.0,419714.0,433712.0,441455.0,450429.0,455813.0,466545.0,468340.0,468304.0,462920.0,464714.0,463853.0,462094.0,459043.0,464643.0,473258.0,481729.0,484205.0,488153.0,488153.0,483666.0,472898.0,465719.0,463027.0,463018.0,479042.0,495697.0,516360.0,537660.0,565493.0,583797.0,582097.0,566600.0,561260.0,559460.0,567793.0,575498.0,585665.0,593998.0
395235,81,"Winston-Salem, NC",Msa,NC,209933.0,211633.0,213333.0,217333.0,219000.0,222667.0,231300.0,241300.0,249267.0,249600.0,246565.0,244898.0,244898.0,249600.0,256300.0,265667.0,276633.0,283283.0,285917.0,283283.0,282467.0,282467.0,281725.0,279225.0,275925.0,279967.0,284967.0,287267.0,290600.0,296600.0,305933.0,307393.0,303693.0,296560.0,288733.0,281700.0,278833.0,278533.0,280997.0,282697.0,286030.0,290100.0,294533.0,296400.0,297933.0,300466.0,303633.0,305600.0,308630.0,311263.0,318263.0
395224,82,"Wichita, KS",Msa,KS,176600.0,182600.0,190933.0,200933.0,206567.0,208233.0,206233.0,202900.0,200600.0,198183.0,193883.0,190450.0,189900.0,194200.0,202267.0,210917.0,219283.0,223863.0,223213.0,219880.0,216300.0,214967.0,213133.0,208133.0,202917.0,201417.0,209617.0,219767.0,234600.0,248767.0,261367.0,264767.0,252433.0,241297.0,232230.0,230797.0,229367.0,236833.0,246567.0,252867.0,247867.0,237900.0,229133.0,223667.0,221833.0,225667.0,232833.0,241333.0,248333.0,256333.0,264333.0
395115,83,"Springfield, MA",Msa,MA,240760.0,240760.0,245455.0,254908.0,263956.0,268589.0,268589.0,264205.0,257706.0,251488.0,246855.0,241569.0,238459.0,237184.0,242750.0,252110.0,265511.0,274839.0,278228.0,277762.0,275928.0,273782.0,266941.0,261780.0,258950.0,263148.0,271730.0,283888.0,296605.0,308265.0,317873.0,324092.0,323284.0,321119.0,315822.0,308633.0,300333.0,301833.0,316633.0,339933.0,351600.0,354300.0,346000.0,339300.0,331633.0,321467.0,313166.0,307833.0,313000.0,311333.0,315000.0
394440,84,"Fort Myers, FL",Msa,FL,248436.0,248464.0,248464.0,249568.0,249541.0,249513.0,248381.0,248202.0,247953.0,247953.0,247884.0,246780.0,245979.0,245979.0,247084.0,247636.0,247636.0,247636.0,247360.0,246255.0,245124.0,245516.0,246869.0,250761.0,253682.0,259203.0,263593.0,264835.0,264863.0,265995.0,269998.0,271930.0,270826.0,270826.0,271102.0,271102.0,270241.0,273023.0,,,,,391233.0,396233.0,405930.0,421297.0,437963.0,447967.0,449600.0,462633.0,486300.0
394399,85,"Boise City, ID",Msa,ID,326263.0,342930.0,348233.0,354600.0,356600.0,361633.0,360267.0,354963.0,351627.0,348327.0,344996.0,341633.0,341296.0,345960.0,355660.0,369297.0,381300.0,388267.0,388300.0,384933.0,380602.0,374939.0,371305.0,368970.0,372632.0,379478.0,388497.0,393828.0,397282.0,403263.0,413263.0,421597.0,426597.0,431567.0,443367.0,453133.0,461133.0,469329.0,482929.0,504959.0,528296.0,550753.0,560056.0,558148.0,550658.0,547992.0,548267.0,556630.0,576963.0,610297.0,643633.0
395160,86,"Toledo, OH",Msa,OH,126933.0,125600.0,129967.0,136633.0,144633.0,148267.0,149900.0,147767.0,145633.0,143333.0,142133.0,140933.0,139900.0,140267.0,148133.0,159833.0,174500.0,182300.0,183933.0,180150.0,172850.0,167717.0,163133.0,161433.0,159859.0,159859.0,161526.0,166567.0,178433.0,190100.0,200100.0,208233.0,208266.0,206616.0,195150.0,190117.0,186467.0,192617.0,197850.0,201483.0,201800.0,200900.0,199267.0,190933.0,181600.0,171600.0,164967.0,160000.0,154967.0,151633.0,156633.0
394816,87,"Madison, WI",Msa,WI,293233.0,299933.0,309267.0,315933.0,318933.0,319600.0,319600.0,316567.0,311600.0,304967.0,301633.0,301633.0,306600.0,316600.0,328233.0,334900.0,338100.0,337800.0,336167.0,332967.0,328300.0,326600.0,324933.0,324900.0,326567.0,332933.0,341267.0,347933.0,351567.0,354600.0,354600.0,351267.0,343267.0,341600.0,342667.0,350967.0,359100.0,366632.0,369966.0,370199.0,373267.0,374967.0,376633.0,373300.0,370933.0,369933.0,373267.0,380600.0,390400.0,399783.0,408117.0
394766,88,"Lakeland, FL",Msa,FL,229591.0,229989.0,231665.0,235104.0,236823.0,237244.0,237478.0,237444.0,236240.0,234253.0,232224.0,231674.0,231674.0,232015.0,232049.0,233459.0,236729.0,239651.0,241336.0,240549.0,239639.0,238299.0,237504.0,237206.0,237206.0,238960.0,240979.0,242320.0,242222.0,242266.0,244360.0,247109.0,250207.0,252154.0,253807.0,255932.0,258102.0,260274.0,264741.0,,,298167.0,304967.0,308963.0,313597.0,318630.0,323630.0,327908.0,331408.0,337410.0,344815.0
394931,89,"Ogden, UT",Msa,UT,340759.0,349374.0,363179.0,374631.0,381405.0,384554.0,385211.0,381931.0,377053.0,371171.0,369441.0,369476.0,375392.0,383696.0,393729.0,402379.0,405839.0,402725.0,397189.0,392345.0,386291.0,376223.0,369095.0,368227.0,377257.0,388329.0,396982.0,398331.0,402863.0,413243.0,428812.0,435870.0,439295.0,440454.0,445175.0,451467.0,456508.0,464825.0,474855.0,488980.0,503963.0,515633.0,519800.0,519800.0,519767.0,519933.0,519867.0,525243.0,538160.0,558260.0,569883.0
394528,90,"Daytona Beach, FL",Msa,FL,269600.0,270633.0,272300.0,275633.0,280933.0,285633.0,288967.0,287633.0,284600.0,280933.0,277600.0,275933.0,274900.0,274933.0,276633.0,281000.0,285833.0,288833.0,287800.0,284600.0,280930.0,278297.0,277663.0,278167.0,278833.0,281167.0,284250.0,284550.0,283383.0,282133.0,285333.0,287833.0,289800.0,291267.0,293267.0,294600.0,296267.0,299600.0,304633.0,313333.0,321633.0,331600.0,336600.0,341633.0,344967.0,350633.0,353967.0,354000.0,354667.0,362633.0,374300.0
394531,91,"Des Moines, IA",Msa,IA,272621.0,276903.0,283034.0,287841.0,290013.0,290303.0,290303.0,288045.0,284818.0,281591.0,279913.0,278300.0,276719.0,277138.0,279720.0,282946.0,284398.0,284431.0,282140.0,277751.0,271943.0,264554.0,258424.0,253584.0,253584.0,257657.0,262788.0,266720.0,269196.0,272866.0,275387.0,274967.0,272273.0,270313.0,269662.0,269713.0,271047.0,274550.0,280500.0,288650.0,298783.0,307367.0,314550.0,316250.0,316433.0,314767.0,316417.0,319983.0,326483.0,336000.0,345663.0
395006,100,"Provo, UT",Msa,UT,386073.0,393757.0,404296.0,409272.0,405264.0,398319.0,394725.0,393550.0,391822.0,388678.0,383494.0,380073.0,379762.0,383875.0,391472.0,396656.0,398988.0,398301.0,400029.0,402189.0,403537.0,401429.0,398630.0,397973.0,400081.0,406370.0,416011.0,420401.0,425584.0,430767.0,445901.0,460912.0,473698.0,478355.0,484073.0,488251.0,496284.0,498783.0,497783.0,504146.0,515846.0,534663.0,544967.0,549967.0,549555.0,547888.0,548722.0,557467.0,575830.0,606663.0,637963.0
394549,104,"Durham, NC",Msa,NC,359966.0,364053.0,373127.0,382202.0,386454.0,383701.0,378861.0,370526.0,365686.0,362933.0,362631.0,362056.0,361784.0,366846.0,376495.0,385872.0,391398.0,390793.0,387768.0,380508.0,372069.0,363266.0,358729.0,358698.0,365232.0,375820.0,389462.0,394453.0,396541.0,398053.0,407033.0,416895.0,422642.0,426495.0,426761.0,424294.0,421690.0,422570.0,432833.0,454500.0,471333.0,483600.0,477683.0,476017.0,473504.0,477175.0,478808.0,475974.0,474887.0,484920.0,508333.0
394602,159,"Fort Collins, CO",Msa,CO,443279.0,446184.0,448272.0,451152.0,455638.0,459657.0,456838.0,452552.0,445200.0,441867.0,438590.0,436924.0,435257.0,436333.0,439075.0,441558.0,445192.0,447417.0,446567.0,441567.0,436600.0,434967.0,435667.0,435667.0,439601.0,445934.0,457167.0,463233.0,467473.0,470907.0,475863.0,477957.0,473290.0,466667.0,463333.0,464000.0,463633.0,458600.0,450900.0,451233.0,459899.0,473599.0,486632.0,494997.0,516630.0,533630.0,551887.0,560253.0,560253.0,550667.0,537333.0
