RegionID,RegionName,SizeRank,2014-01,2014-02,2014-03,2014-04,2014-05,2014-06,2014-07,2014-08,2014-09,2014-10,2014-11,2014-12,2015-01,2015-02,2015-03,2015-04,2015-05,2015-06,2015-07,2015-08,2015-09,2015-10,2015-11,2015-12,2016-01,2016-02,2016-03,2016-04,2016-05,2016-06,2016-07,2016-08,2016-09,2016-10,2016-11,2016-12,2017-01,2017-02,2017-03,2017-04,2017-05,2017-06,2017-07,2017-08,2017-09,2017-10,2017-11,2017-12,2018-01,2018-02,2018-03,2018-04,2018-05,2018-06,2018-07,2018-08,2018-09,2018-10,2018-11,2018-12,2019-01,2019-02,2019-03,2019-04,2019-05,2019-06,2019-07,2019-08,2019-09,2019-10,2019-11,2019-12,2020-01,2020-02,2020-03,2020-04,2020-05,2020-06,2020-07,2020-08,2020-09,2020-10,2020-11,2020-12,2021-01,2021-02,2021-03,2021-04,2021-05,2021-06,2021-07,2021-08,2021-09,2021-10,2021-11,2021-12,2022-01,2022-02,2022-03
102001,United States,0,1265,1275,1276,1283,1296,1306,1315,1320,1322,1322,1322,1322,1326,1334,1341,1353,1361,1371,1376,1381,1381,1382,1383,1383,1388,1396,1404,1412,1421,1428,1430,1433,1433,1431,1431,1430,1434,1441,1448,1458,1467,1473,1479,1481,1480,1479,1479,1480,1484,1489,1498,1507,1516,1524,1530,1534,1534,1534,1535,1536,1540,1546,1555,1564,1575,1583,1589,1591,1591,1589,1588,1590,1595,1604,1609,1602,1598,1600,1602,1599,1596,1596,1599,1603,1606,1613,1630,1655,1685,1717,1752,1786,1810,1827,1845,1861,1867,1891,1904
394913,"New York, NY",1,2242,2270,2277,2283,2315,2333,2351,2359,2362,2360,2364,2357,2366,2379,2395,2424,2436,2448,2455,2463,2471,2472,2466,2463,2466,2473,2476,2493,2506,2519,2507,2517,2523,2517,2515,2507,2505,2509,2520,2535,2552,2558,2567,2564,2572,2561,2542,2544,2538,2539,2549,2562,2577,2590,2603,2609,2608,2601,2592,2590,2589,2598,2614,2624,2649,2667,2675,2676,2668,2662,2649,2637,2644,2664,2669,2655,2638,2619,2589,2531,2476,2439,2419,2411,2412,2417,2440,2479,2525,2574,2635,2679,2719,2747,2772,2804,2836,2888,2934
753899,"Los Angeles-Long Beach-Anaheim, CA",2,1813,1842,1830,1838,1861,1880,1899,1914,1924,1929,1928,1932,1946,1955,1971,1984,1995,2008,2023,2036,2044,2053,2062,2066,2078,2095,2107,2115,2133,2147,2151,2163,2170,2176,2177,2183,2195,2207,2218,2234,2249,2256,2270,2277,2281,2283,2288,2287,2298,2307,2315,2327,2337,2350,2359,2371,2376,2381,2389,2393,2397,2402,2410,2421,2430,2441,2451,2459,2463,2463,2467,2476,2481,2486,2485,2461,2445,2443,2441,2432,2434,2441,2446,2443,2441,2451,2465,2489,2521,2564,2608,2662,2698,2726,2750,2774,2793,2827,2853
394463,"Chicago, IL",3,1432,1444,1446,1450,1466,1480,1489,1491,1486,1481,1480,1478,1481,1486,1476,1486,1506,1524,1533,1540,1535,1527,1519,1519,1527,1536,1546,1558,1570,1579,1585,1586,1578,1565,1557,1553,1553,1568,1580,1593,1606,1612,1615,1612,1604,1596,1589,1590,1593,1600,1613,1622,1634,1643,1645,1644,1637,1626,1623,1620,1628,1636,1649,1663,1674,1684,1689,1688,1684,1676,1667,1666,1674,1684,1693,1691,1690,1689,1684,1671,1654,1635,1624,1619,1621,1625,1645,1675,1701,1724,1744,1763,1769,1774,1779,1793,1807,1821,1842
394514,"Dallas-Fort Worth, TX",4,1085,1111,1116,1132,1127,1130,1134,1137,1140,1138,1135,1138,1142,1147,1159,1168,1178,1185,1190,1195,1191,1190,1190,1191,1196,1201,1215,1225,1235,1243,1249,1251,1252,1252,1254,1254,1257,1262,1271,1277,1288,1296,1300,1304,1303,1305,1302,1303,1306,1312,1316,1324,1328,1336,1342,1346,1342,1346,1350,1347,1350,1359,1363,1372,1382,1391,1395,1395,1397,1395,1392,1391,1394,1400,1406,1401,1398,1403,1406,1407,1409,1414,1417,1420,1424,1433,1446,1471,1502,1540,1581,1617,1640,1653,1671,1681,1689,1705,1709
394974,"Philadelphia, PA",5,1327,1294,1314,1318,1327,1337,1343,1348,1351,1345,1342,1330,1334,1336,1349,1359,1371,1378,1380,1380,1379,1375,1376,1374,1379,1385,1395,1403,1411,1417,1423,1417,1415,1412,1414,1412,1414,1419,1429,1436,1443,1444,1448,1448,1445,1446,1450,1450,1447,1453,1464,1473,1483,1487,1488,1491,1492,1493,1492,1496,1501,1507,1515,1521,1529,1539,1542,1542,1541,1543,1543,1543,1545,1558,1563,1556,1559,1561,1561,1564,1564,1565,1567,1573,1573,1574,1584,1602,1622,1642,1660,1691,1704,1720,1735,1757,1753,1763,1775
394692,"Houston, TX",6,1141,1169,1158,1166,1190,1202,1216,1224,1224,1228,1225,1222,1227,1230,1236,1247,1253,1260,1265,1267,1263,1260,1259,1259,1258,1264,1270,1270,1270,1272,1271,1267,1264,1261,1255,1251,1250,1253,1260,1263,1269,1271,1271,1272,1276,1286,1293,1297,1298,1302,1307,1313,1316,1320,1323,1321,1320,1320,1323,1318,1318,1319,1325,1331,1338,1344,1347,1345,1342,1342,1339,1342,1345,1347,1352,1344,1336,1335,1334,1334,1337,1341,1346,1346,1344,1343,1352,1366,1392,1425,1456,1478,1482,1495,1503,1512,1511,1522,1527
395209,"Washington, DC",7,1725,1764,1752,1752,1764,1778,1787,1792,1794,1783,1774,1764,1768,1776,1777,1791,1796,1806,1810,1808,1803,1806,1801,1803,1804,1810,1819,1826,1835,1845,1828,1838,1835,1832,1827,1825,1832,1837,1843,1859,1868,1873,1874,1876,1873,1864,1853,1852,1853,1860,1865,1881,1892,1904,1912,1916,1910,1905,1904,1904,1910,1919,1926,1939,1950,1961,1967,1968,1969,1961,1955,1952,1958,1964,1971,1964,1955,1953,1949,1938,1921,1906,1889,1879,1881,1882,1892,1915,1948,1986,2022,2056,2074,2089,2097,2102,2106,2117,2127
394856,"Miami-Fort Lauderdale, FL",8,1635,1640,1643,1643,1656,1664,1681,1688,1701,1708,1716,1720,1725,1738,1740,1744,1756,1768,1772,1786,1797,1807,1818,1823,1826,1834,1839,1836,1841,1842,1843,1848,1852,1853,1860,1858,1863,1866,1870,1870,1871,1876,1882,1889,1895,1903,1904,1907,1911,1913,1915,1917,1922,1929,1934,1942,1950,1957,1963,1965,1965,1967,1972,1975,1975,1978,1983,1989,1996,2005,2015,2024,2026,2032,2029,2022,2010,2008,2012,2016,2023,2035,2051,2067,2087,2108,2136,2182,2231,2292,2368,2446,2501,2556,2627,2699,2728,2785,2832
394347,"Atlanta, GA",9,1054,1067,1066,1075,1081,1088,1093,1097,1095,1096,1099,1101,1103,1109,1116,1125,1137,1149,1155,1156,1154,1155,1155,1158,1162,1171,1184,1192,1203,1213,1221,1224,1228,1232,1230,1229,1233,1240,1248,1257,1270,1279,1291,1296,1300,1297,1297,1298,1304,1311,1322,1331,1344,1353,1361,1367,1372,1376,1380,1383,1393,1397,1407,1417,1426,1436,1442,1447,1451,1449,1447,1448,1453,1461,1468,1463,1462,1470,1480,1493,1503,1514,1520,1531,1544,1561,1582,1612,1645,1692,1743,1800,1833,1856,1865,1864,1870,1882,1886
394404,"Boston, MA",10,2100,2118,2120,2114,2131,2151,2165,2175,2168,2160,2143,2128,2140,2164,2187,2201,2222,2239,2243,2237,2232,2225,2213,2213,2240,2266,2282,2297,2317,2330,2330,2334,2322,2309,2291,2298,2328,2350,2360,2379,2391,2401,2408,2404,2393,2367,2366,2370,2393,2408,2425,2442,2457,2471,2475,2468,2450,2444,2439,2449,2470,2481,2499,2520,2538,2556,2555,2552,2536,2522,2516,2523,2543,2563,2576,2567,2557,2549,2531,2473,2426,2380,2358,2356,2375,2404,2436,2474,2513,2555,2588,2610,2642,2664,2692,2689,2700,2704,2725
395057,"San Francisco, CA",11,2138,2065,2127,2155,2217,2288,2313,2356,2400,2424,2428,2439,2461,2488,2521,2542,2584,2627,2642,2671,2686,2696,2695,2703,2710,2723,2735,2754,2771,2794,2789,2802,2788,2774,2765,2750,2753,2772,2783,2798,2824,2848,2863,2870,2871,2862,2850,2852,2861,2864,2879,2891,2917,2929,2946,2959,2963,2958,2958,2958,2961,2971,2985,2998,3013,3037,3051,3052,3046,3034,3031,3031,3046,3060,3056,3041,3027,3001,2970,2906,2850,2808,2791,2764,2767,2772,2805,2838,2883,2941,2996,3022,3031,3040,3037,3057,3066,3090,3118
394532,"Detroit, MI",12,931,936,941,944,950,956,962,964,964,963,963,961,962,966,974,975,981,988,991,994,997,987,989,990,995,997,1003,1009,1013,1020,1026,1035,1028,1029,1024,1022,1025,1028,1035,1044,1052,1060,1066,1069,1070,1067,1068,1067,1068,1074,1081,1083,1094,1100,1106,1109,1108,1107,1109,1108,1110,1110,1116,1125,1132,1140,1145,1149,1146,1145,1147,1147,1139,1144,1150,1152,1155,1163,1176,1182,1192,1207,1207,1218,1223,1230,1242,1255,1269,1286,1305,1321,1327,1339,1346,1354,1351,1363,1372
395025,"Riverside, CA",13,1432,1442,1440,1439,1446,1453,1467,1467,1472,1476,1479,1489,1492,1500,1505,1517,1521,1526,1531,1539,1548,1551,1559,1562,1564,1572,1577,1584,1592,1604,1609,1613,1626,1626,1632,1634,1645,1648,1662,1677,1688,1697,1706,1715,1719,1727,1733,1729,1735,1748,1759,1772,1776,1790,1801,1811,1822,1828,1826,1837,1838,1846,1849,1859,1865,1870,1887,1896,1898,1906,1910,1913,1919,1928,1929,1921,1919,1937,1958,1986,2022,2053,2073,2086,2119,2130,2171,2207,2241,2292,2350,2400,2432,2438,2446,2468,2502,2530,2561
394976,"Phoenix, AZ",14,965,980,974,976,984,990,992,996,1000,1000,1002,1004,1007,1024,1028,1038,1047,1052,1052,1055,1060,1061,1065,1068,1075,1080,1088,1098,1105,1112,1116,1117,1118,1120,1122,1125,1129,1136,1146,1154,1163,1169,1174,1178,1182,1185,1184,1186,1193,1198,1212,1227,1236,1244,1252,1260,1265,1270,1276,1282,1285,1297,1307,1321,1334,1345,1353,1362,1363,1369,1375,1388,1395,1409,1411,1405,1404,1411,1423,1440,1456,1472,1489,1497,1512,1526,1553,1590,1640,1696,1754,1803,1834,1860,1885,1892,1903,1914,1921
395078,"Seattle, WA",15,1322,1347,1339,1357,1384,1399,1411,1425,1430,1428,1426,1430,1438,1451,1465,1476,1489,1506,1517,1529,1533,1538,1533,1530,1539,1549,1572,1589,1616,1633,1630,1649,1651,1654,1646,1646,1654,1663,1687,1708,1730,1746,1758,1761,1756,1746,1732,1725,1729,1741,1755,1773,1789,1800,1809,1810,1805,1799,1794,1795,1797,1807,1823,1841,1859,1878,1887,1893,1885,1881,1875,1880,1896,1914,1927,1916,1905,1903,1901,1890,1868,1841,1813,1796,1805,1814,1837,1878,1921,1972,2019,2062,2093,2103,2109,2113,2115,2137,2151
394865,"Minneapolis-St Paul, MN",16,1165,1182,1180,1184,1189,1202,1210,1220,1217,1213,1197,1194,1196,1205,1218,1230,1241,1249,1254,1253,1250,1247,1249,1249,1251,1263,1273,1281,1293,1300,1303,1304,1302,1304,1305,1298,1312,1323,1333,1342,1348,1356,1360,1363,1362,1354,1362,1361,1371,1376,1386,1396,1404,1416,1420,1420,1416,1417,1419,1419,1426,1433,1448,1459,1469,1480,1480,1468,1474,1472,1479,1476,1483,1494,1502,1503,1500,1502,1500,1503,1498,1507,1501,1500,1495,1490,1504,1519,1537,1551,1565,1574,1586,1585,1580,1584,1587,1603,1610
395056,"San Diego, CA",17,1704,1685,1698,1706,1730,1745,1753,1762,1769,1771,1781,1780,1795,1815,1827,1836,1846,1856,1865,1876,1881,1881,1891,1891,1898,1909,1924,1943,1959,1976,1976,1982,1991,1989,1991,1992,1996,2013,2030,2038,2059,2072,2082,2093,2092,2093,2085,2089,2102,2116,2126,2136,2157,2171,2179,2193,2195,2193,2196,2192,2194,2201,2210,2221,2237,2242,2258,2270,2268,2273,2271,2272,2275,2282,2283,2268,2268,2279,2286,2294,2305,2311,2332,2346,2348,2356,2377,2414,2458,2502,2560,2616,2657,2695,2723,2750,2752,2795,2840
395121,"St. Louis, MO",18,905,884,896,904,915,920,925,927,925,930,920,923,921,927,938,938,942,948,945,950,949,949,948,948,948,953,956,960,966,968,972,972,968,971,970,966,969,970,977,982,984,988,991,991,991,993,989,988,991,992,995,1004,1010,1007,1013,1015,1017,1014,1013,1015,1016,1021,1030,1038,1038,1052,1050,1049,1050,1049,1048,1047,1052,1056,1068,1068,1070,1071,1076,1081,1087,1091,1090,1088,1091,1097,1106,1122,1136,1145,1163,1170,1184,1189,1199,1206,1204,1217,1232
395148,"Tampa, FL",19,1098,1107,1109,1109,1118,1121,1128,1131,1134,1135,1138,1142,1147,1153,1157,1161,1167,1176,1183,1188,1189,1196,1203,1205,1208,1214,1222,1230,1234,1241,1242,1247,1251,1254,1259,1259,1265,1269,1276,1284,1291,1298,1303,1308,1304,1310,1316,1319,1324,1332,1341,1352,1359,1365,1372,1376,1377,1380,1386,1388,1390,1396,1404,1411,1421,1424,1430,1437,1440,1444,1445,1451,1459,1463,1470,1465,1459,1470,1478,1491,1505,1519,1531,1540,1546,1569,1584,1615,1666,1725,1794,1864,1907,1939,1965,1982,1987,2013,2029
394358,"Baltimore, MD",20,1374,1427,1409,1417,1423,1432,1444,1446,1444,1443,1443,1441,1434,1436,1435,1443,1448,1458,1467,1468,1463,1460,1457,1465,1459,1458,1465,1470,1474,1481,1480,1474,1469,1463,1458,1452,1452,1461,1462,1469,1486,1487,1490,1487,1480,1479,1476,1468,1466,1470,1480,1490,1497,1496,1499,1502,1497,1495,1495,1495,1498,1510,1517,1521,1528,1533,1537,1535,1533,1525,1525,1529,1534,1536,1532,1521,1520,1523,1530,1529,1535,1538,1544,1555,1555,1566,1580,1608,1632,1653,1685,1708,1721,1713,1732,1744,1747,1756,1764
394530,"Denver, CO",21,1181,1141,1166,1190,1214,1248,1265,1280,1291,1300,1311,1313,1317,1334,1348,1365,1379,1394,1401,1408,1410,1413,1406,1417,1420,1429,1431,1441,1459,1467,1473,1474,1474,1461,1455,1452,1455,1463,1478,1489,1506,1517,1524,1526,1520,1514,1508,1508,1513,1521,1531,1542,1553,1568,1577,1580,1577,1572,1571,1573,1575,1585,1594,1605,1618,1634,1636,1637,1629,1626,1622,1621,1623,1636,1641,1624,1620,1622,1627,1625,1623,1621,1618,1616,1624,1628,1647,1678,1713,1751,1793,1826,1842,1846,1850,1859,1871,1886,1905
394982,"Pittsburgh, PA",22,959,1013,1002,1027,1033,1047,1053,1077,1069,1051,1053,1058,1038,1050,1056,1060,1070,1073,1080,1085,1070,1059,1068,1056,1064,1081,1089,1093,1094,1093,1093,1086,1075,1075,1071,1071,1075,1089,1096,1104,1106,1108,1109,1104,1096,1095,1099,1098,1107,1115,1123,1127,1134,1138,1144,1143,1135,1136,1141,1144,1143,1151,1160,1165,1167,1173,1175,1176,1181,1183,1188,1194,1194,1197,1198,1198,1202,1205,1203,1201,1195,1204,1208,1208,1210,1218,1224,1238,1246,1262,1264,1285,1300,1302,1312,1306,1307,1320,1333
394998,"Portland, OR",23,1106,1131,1133,1137,1156,1176,1190,1201,1209,1214,1212,1217,1223,1229,1242,1257,1275,1295,1314,1332,1339,1343,1338,1339,1341,1351,1364,1380,1397,1410,1419,1419,1420,1412,1408,1406,1410,1418,1428,1441,1454,1461,1467,1472,1469,1459,1452,1444,1448,1455,1463,1473,1488,1498,1507,1513,1511,1505,1503,1503,1502,1512,1519,1527,1541,1547,1557,1564,1565,1562,1561,1562,1560,1567,1569,1560,1558,1566,1572,1580,1582,1575,1574,1571,1584,1583,1597,1623,1653,1684,1716,1745,1765,1769,1774,1778,1783,1796,1804
394458,"Charlotte, NC",24,1049,1053,1053,1059,1071,1081,1087,1093,1090,1090,1088,1092,1094,1096,1098,1112,1126,1135,1142,1149,1148,1146,1148,1149,1153,1164,1172,1176,1184,1191,1198,1203,1205,1209,1208,1204,1213,1213,1220,1235,1245,1252,1260,1261,1263,1260,1263,1258,1260,1266,1273,1285,1295,1304,1310,1314,1313,1313,1321,1329,1329,1336,1343,1352,1366,1373,1379,1379,1384,1387,1383,1384,1391,1394,1402,1388,1383,1393,1400,1402,1407,1413,1421,1424,1433,1443,1462,1491,1518,1554,1591,1630,1658,1673,1690,1706,1714,1723,1724
395045,"Sacramento, CA",25,1251,1276,1268,1268,1278,1286,1302,1302,1308,1316,1311,1311,1321,1323,1338,1350,1361,1370,1380,1396,1408,1409,1400,1412,1422,1426,1438,1458,1476,1491,1501,1512,1506,1511,1524,1533,1538,1551,1568,1579,1599,1614,1619,1634,1643,1649,1645,1649,1650,1658,1668,1681,1702,1717,1723,1734,1729,1731,1736,1741,1745,1757,1771,1780,1790,1802,1809,1812,1818,1817,1819,1811,1817,1835,1837,1838,1835,1854,1871,1887,1908,1922,1936,1944,1960,1970,1983,2005,2040,2082,2140,2162,2176,2191,2205,2195,2194,2214,2236
395055,"San Antonio, TX",26,961,974,971,980,987,992,991,997,1000,1001,997,986,995,1004,1012,1021,1029,1034,1037,1040,1035,1039,1041,1046,1041,1044,1055,1060,1066,1069,1067,1074,1073,1074,1078,1077,1077,1084,1090,1095,1099,1104,1108,1106,1105,1104,1102,1103,1103,1106,1115,1119,1125,1131,1134,1140,1140,1142,1144,1142,1144,1148,1152,1157,1165,1170,1176,1182,1186,1187,1182,1183,1183,1186,1186,1184,1182,1184,1190,1198,1200,1201,1204,1207,1210,1213,1225,1241,1262,1285,1319,1357,1377,1382,1386,1399,1400,1410,1417
394943,"Orlando, FL",27,1123,1135,1135,1140,1148,1159,1180,1176,1175,1171,1167,1171,1174,1181,1186,1196,1209,1213,1223,1228,1232,1235,1234,1237,1243,1245,1250,1261,1274,1281,1290,1293,1293,1295,1292,1292,1300,1309,1308,1322,1335,1344,1352,1356,1346,1358,1363,1374,1381,1389,1399,1409,1418,1430,1438,1443,1444,1447,1449,1450,1454,1458,1466,1474,1485,1493,1500,1501,1504,1506,1503,1507,1509,1514,1518,1508,1505,1509,1515,1515,1517,1516,1518,1527,1537,1546,1564,1595,1628,1677,1731,1785,1821,1855,1886,1897,1904,1923,1951
394466,"Cincinnati, OH",28,943,945,948,959,977,978,985,990,991,986,979,979,980,984,1002,1003,1004,1013,1019,1027,1025,1026,1027,1026,1032,1032,1041,1042,1048,1049,1052,1058,1057,1055,1059,1067,1070,1077,1079,1086,1091,1094,1096,1096,1099,1098,1100,1103,1107,1109,1118,1125,1135,1135,1138,1141,1146,1157,1155,1162,1163,1166,1178,1184,1197,1198,1205,1207,1210,1207,1218,1216,1225,1233,1235,1239,1240,1243,1251,1253,1259,1264,1274,1281,1283,1288,1303,1319,1329,1344,1360,1362,1379,1395,1403,1410,1408,1424,1443
394475,"Cleveland, OH",29,941,940,937,945,949,960,969,954,956,962,965,965,970,975,983,989,996,1019,1009,1001,998,1001,1006,994,1002,1013,1015,1019,1029,1046,1082,1069,1040,1025,1018,1017,1013,1017,1018,1027,1030,1032,1036,1034,1040,1037,1036,1030,1034,1038,1044,1050,1060,1057,1062,1066,1066,1069,1068,1069,1073,1080,1087,1092,1096,1096,1099,1093,1092,1092,1096,1101,1101,1107,1107,1118,1120,1121,1120,1137,1135,1135,1137,1146,1147,1159,1173,1173,1192,1206,1224,1231,1246,1246,1252,1262,1254,1280,1287
394735,"Kansas City, MO",30,865,853,863,877,881,896,914,911,906,899,896,894,899,896,910,916,917,930,932,941,931,932,933,934,936,940,946,953,956,961,963,967,969,970,971,972,974,977,979,987,994,995,1001,1004,1002,1005,1007,1009,1005,1008,1014,1021,1028,1034,1035,1040,1042,1036,1038,1036,1040,1047,1053,1060,1067,1075,1079,1081,1080,1074,1074,1084,1082,1091,1098,1102,1104,1112,1122,1125,1141,1137,1133,1136,1136,1136,1148,1166,1184,1202,1217,1225,1217,1232,1243,1252,1253,1267,1277
394775,"Las Vegas, NV",31,1014,1017,1017,1018,1026,1033,1037,1039,1040,1041,1041,1038,1039,1043,1048,1056,1062,1071,1075,1080,1083,1082,1083,1085,1087,1092,1099,1105,1116,1124,1126,1129,1131,1131,1134,1132,1134,1142,1151,1160,1170,1178,1187,1191,1197,1197,1199,1203,1204,1215,1224,1236,1249,1259,1267,1275,1277,1280,1287,1286,1292,1300,1311,1322,1335,1344,1352,1356,1357,1355,1353,1354,1358,1367,1370,1356,1354,1364,1381,1399,1413,1428,1441,1444,1457,1474,1490,1523,1574,1633,1694,1749,1778,1796,1806,1810,1822,1820,1828
394492,"Columbus, OH",32,920,950,928,924,934,938,936,942,947,960,958,955,946,948,956,963,979,985,986,992,992,997,1006,996,998,998,1004,1011,1021,1029,1027,1021,1021,1023,1023,1031,1029,1034,1047,1051,1059,1065,1067,1070,1070,1073,1076,1081,1080,1087,1098,1107,1112,1118,1123,1120,1124,1124,1127,1128,1136,1143,1150,1153,1154,1158,1162,1163,1173,1173,1173,1174,1182,1186,1186,1193,1197,1205,1211,1219,1221,1234,1240,1242,1241,1241,1256,1261,1279,1295,1319,1336,1338,1351,1362,1379,1372,1383,1387
394705,"Indianapolis, IN",33,951,947,952,956,969,974,974,978,977,981,972,968,964,971,982,989,990,992,995,998,1002,1003,1007,1006,1004,1004,1010,1021,1028,1030,1038,1035,1032,1028,1024,1022,1026,1032,1037,1045,1052,1057,1059,1059,1062,1066,1067,1065,1073,1073,1080,1086,1091,1097,1101,1104,1104,1104,1105,1104,1108,1114,1125,1135,1143,1152,1155,1151,1159,1158,1151,1150,1157,1167,1173,1173,1185,1201,1208,1219,1224,1227,1223,1234,1241,1255,1262,1273,1297,1326,1349,1370,1384,1388,1389,1389,1395,1412,1427
395059,"San Jose, CA",34,2120,2134,2137,2167,2252,2363,2403,2441,2475,2472,2475,2481,2505,2543,2555,2585,2620,2677,2710,2750,2730,2749,2735,2737,2741,2759,2756,2770,2790,2799,2819,2800,2787,2756,2736,2732,2752,2759,2769,2794,2820,2843,2863,2854,2862,2845,2828,2825,2843,2861,2881,2898,2923,2957,2972,2974,2972,2963,2948,2933,2946,2964,2986,2998,3013,3035,3049,3057,3044,3028,3018,3022,3033,3055,3064,3036,3016,2993,2961,2919,2887,2834,2807,2789,2781,2786,2806,2825,2879,2922,2972,3021,3035,3028,3036,3049,3076,3113,3133
394355,"Austin, TX",35,1176,1184,1181,1193,1210,1218,1236,1240,1242,1235,1234,1235,1243,1247,1261,1266,1278,1283,1291,1295,1295,1292,1295,1300,1302,1305,1314,1320,1326,1334,1337,1332,1329,1325,1322,1321,1323,1330,1339,1346,1351,1361,1362,1355,1344,1341,1340,1338,1334,1343,1352,1361,1372,1387,1395,1399,1401,1400,1405,1401,1403,1413,1420,1429,1439,1449,1458,1461,1459,1460,1460,1459,1461,1469,1476,1462,1451,1449,1451,1446,1436,1431,1433,1436,1450,1464,1487,1525,1570,1625,1681,1738,1763,1779,1780,1793,1784,1799,1808
395194,"Virginia Beach, VA",36,1154,1171,1168,1170,1176,1180,1185,1183,1182,1180,1180,1183,1183,1184,1187,1193,1193,1198,1201,1200,1197,1196,1193,1194,1199,1205,1205,1209,1213,1212,1213,1211,1206,1206,1202,1204,1212,1217,1222,1230,1230,1229,1232,1234,1233,1231,1228,1226,1227,1234,1244,1251,1250,1251,1255,1257,1254,1254,1257,1258,1261,1269,1275,1279,1289,1292,1292,1296,1294,1294,1299,1301,1299,1303,1305,1302,1302,1307,1323,1337,1345,1353,1360,1370,1373,1381,1395,1415,1446,1470,1504,1527,1558,1572,1567,1568,1554,1563,1575
394902,"Nashville, TN",37,1070,1083,1083,1112,1118,1132,1142,1147,1150,1158,1160,1157,1158,1168,1181,1192,1201,1214,1219,1222,1221,1224,1222,1227,1236,1240,1257,1260,1272,1282,1291,1300,1291,1288,1278,1283,1287,1289,1302,1311,1327,1330,1334,1345,1343,1330,1322,1320,1326,1326,1338,1350,1358,1373,1374,1371,1368,1368,1364,1366,1372,1380,1388,1399,1413,1422,1430,1429,1428,1425,1430,1435,1441,1445,1453,1454,1453,1455,1459,1461,1452,1450,1449,1454,1463,1465,1485,1513,1545,1582,1623,1672,1690,1708,1723,1735,1752,1778,1788
395005,"Providence, RI",38,1068,1147,1140,1131,1129,1145,1148,1136,1113,1123,1114,1115,1124,1157,1170,1173,1190,1183,1187,1180,1165,1173,1187,1188,1202,1213,1213,1229,1233,1225,1241,1244,1225,1228,1225,1238,1246,1268,1286,1290,1293,1295,1284,1280,1236,1260,1278,1285,1313,1318,1330,1344,1348,1355,1351,1342,1342,1336,1348,1356,1363,1379,1394,1412,1419,1418,1409,1402,1400,1414,1410,1404,1418,1434,1453,1457,1444,1455,1480,1481,1481,1495,1525,1535,1539,1552,1562,1600,1645,1649,1673,1685,1690,1696,1706,1730,1753,1768,1799
394862,"Milwaukee, WI",39,,909,946,926,927,936,944,950,949,944,945,947,956,944,950,963,964,967,965,971,966,969,963,959,959,964,969,982,979,985,987,983,979,979,978,981,980,980,985,990,1002,1003,1002,1000,997,993,990,996,1001,1002,1006,1013,1019,1024,1021,1020,1019,1020,1018,1020,1024,1031,1036,1042,1047,1046,1049,1045,1050,1050,1051,1054,1053,1059,1062,1066,1063,1068,1072,1074,1074,1082,1077,1074,1079,1088,1092,1104,1111,1126,1133,1151,1155,1157,1155,1155,1167,1171,1175
394714,"Jacksonville, FL",40,1055,1045,1053,1069,1065,1069,1069,1072,1073,1074,1073,1071,1077,1073,1073,1081,1091,1099,1106,1109,1106,1108,1107,1108,1113,1121,1125,1130,1134,1141,1142,1148,1148,1143,1147,1143,1148,1151,1160,1169,1176,1185,1190,1197,1179,1186,1194,1197,1205,1209,1216,1226,1235,1246,1252,1255,1255,1256,1258,1264,1260,1265,1272,1279,1286,1294,1300,1305,1308,1303,1304,1305,1309,1313,1319,1316,1317,1322,1330,1348,1355,1364,1367,1370,1384,1400,1418,1447,1479,1526,1579,1621,1656,1670,1691,1709,1709,1722,1724
394849,"Memphis, TN",41,985,974,987,989,995,1000,1003,1003,1001,1005,1005,1009,1010,1010,1008,1009,1013,1015,1018,1020,1020,1018,1022,1021,1021,1029,1031,1033,1033,1040,1042,1040,1042,1044,1042,1043,1044,1043,1047,1053,1055,1055,1063,1065,1067,1064,1064,1063,1070,1071,1075,1084,1088,1098,1103,1105,1102,1103,1106,1110,1112,1119,1125,1133,1138,1142,1148,1152,1152,1148,1148,1153,1162,1172,1184,1189,1191,1207,1218,1240,1252,1258,1273,1269,1283,1290,1303,1330,1366,1388,1406,1431,1440,1463,1468,1479,1483,1495,1496
394935,"Oklahoma City, OK",42,972,988,988,999,1008,1015,1022,1022,1013,1012,1013,1021,1024,1022,1028,1030,1048,1050,1051,1046,1036,1023,1016,1024,1028,1036,1037,1042,1043,1048,1043,1041,1032,1023,1018,1023,1016,1025,1035,1037,1042,1048,1050,1052,1045,1042,1032,1033,1042,1043,1052,1058,1060,1067,1068,1068,1068,1068,1069,1069,1068,1077,1079,1087,1125,1114,1106,1104,1102,1100,1099,1097,1101,1101,1111,1112,1117,1116,1120,1123,1127,1135,1140,1136,1139,1142,1153,1169,1190,1217,1236,1255,1261,1265,1270,1271,1278,1285,1298
394807,"Louisville-Jefferson County, KY",43,853,866,864,864,879,883,893,895,894,896,890,893,891,905,902,927,916,915,923,921,924,912,916,919,924,923,932,939,948,960,959,963,959,959,959,965,967,982,985,988,993,999,1001,1001,999,992,988,998,999,1009,1014,1016,1020,1024,1021,1028,1029,1028,1029,1027,1033,1037,1041,1054,1057,1061,1059,1055,1063,1058,1055,1055,1065,1070,1078,1076,1079,1090,1096,1097,1102,1108,1109,1109,1107,1113,1118,1136,1145,1149,1167,1172,1184,1184,1196,1209,1218,1232,1248
394669,"Hartford, CT",44,1177,1159,1151,1157,1162,1173,1185,1185,1184,1183,1182,1182,1185,1196,1196,1202,1202,1210,1212,1209,1206,1207,1206,1207,1213,1218,1217,1217,1226,1229,1231,1233,1232,1224,1226,1228,1226,1232,1238,1244,1252,1254,1256,1256,1252,1247,1246,1245,1252,1257,1260,1268,1276,1276,1282,1276,1276,1275,1281,1283,1287,1288,1292,1297,1297,1305,1310,1310,1305,1300,1299,1310,1317,1317,1316,1324,1320,1330,1337,1344,1358,1361,1373,1371,1378,1370,1389,1409,1430,1453,1467,1475,1497,1484,1513,1516,1495,1511,1539
395022,"Richmond, VA",45,,1030,1052,1049,1069,1081,1087,1083,1090,1082,1076,1082,1086,1084,1092,1100,1101,1096,1109,1117,1112,1109,1113,1105,1113,1112,1132,1137,1134,1137,1153,1142,1141,1135,1134,1133,1134,1143,1147,1162,1171,1175,1179,1174,1170,1170,1176,1178,1185,1186,1195,1208,1217,1222,1222,1219,1216,1215,1223,1221,1225,1231,1242,1253,1260,1261,1263,1268,1269,1264,1263,1270,1272,1276,1283,1274,1283,1285,1291,1297,1297,1302,1312,1313,1317,1323,1341,1355,1381,1409,1433,1429,1454,1469,1496,1507,1492,1506,1521
394910,"New Orleans, LA",46,1150,1121,1131,1118,1119,1121,1158,1157,1151,1125,1135,1148,1157,1150,1152,1150,1159,1169,1168,1167,1168,1171,1173,1186,1186,1177,1172,1175,1183,1179,1175,1175,1184,1190,1186,1200,1190,1200,1193,1192,1197,1196,1199,1206,1209,1211,1211,1212,1180,1184,1205,1211,1210,1210,1213,1211,1213,1220,1224,1206,1207,1210,1216,1219,1226,1224,1230,1230,1243,1242,1250,1247,1243,1246,1239,1236,1238,1234,1241,1234,1252,1262,1262,1272,1284,1281,1281,1299,1314,1295,1326,1354,1395,1399,1441,1498,1491,1521,1517
394425,"Buffalo, NY",47,824,757,795,812,814,821,834,816,829,840,830,831,836,846,858,861,883,856,869,879,880,872,875,878,884,874,884,893,898,898,895,903,903,905,901,905,922,927,926,925,927,934,935,933,927,930,935,943,940,947,952,955,966,967,968,968,962,962,967,972,977,984,993,993,999,997,997,994,990,997,998,999,1011,1021,1033,1024,1026,1036,1037,1048,1043,1045,1047,1051,1063,1075,1072,1089,1099,1110,1129,1143,1150,1153,1141,1157,1155,1180,1188
395012,"Raleigh, NC",48,1121,1116,1111,1124,1131,1141,1149,1150,1149,1145,1141,1136,1145,1152,1161,1167,1176,1185,1194,1194,1196,1191,1187,1179,1185,1192,1205,1214,1221,1228,1231,1235,1238,1236,1230,1225,1226,1232,1238,1248,1257,1268,1271,1268,1268,1266,1262,1262,1262,1266,1274,1284,1292,1301,1306,1311,1310,1305,1306,1304,1307,1319,1329,1334,1347,1360,1364,1366,1366,1365,1359,1364,1371,1367,1375,1367,1360,1369,1374,1380,1386,1386,1393,1395,1402,1406,1422,1446,1480,1518,1566,1603,1620,1635,1644,1654,1666,1677,1687
394388,"Birmingham, AL",49,920,927,926,925,924,931,934,945,943,939,933,939,941,946,947,952,953,955,960,961,964,961,964,964,963,973,968,981,974,975,978,974,980,984,974,976,980,979,983,987,990,992,1000,993,1011,1001,1003,1008,1007,1002,1010,1018,1022,1028,1020,1029,1026,1035,1037,1042,1050,1054,1061,1058,1062,1066,1068,1070,1077,1074,1073,1073,1074,1081,1102,1101,1094,1090,1103,1108,1124,1115,1125,1133,1138,1138,1143,1152,1167,1177,1208,1220,1224,1234,1254,1258,1263,1263,1273
395053,"Salt Lake City, UT",50,,990,994,995,1009,1018,1025,1025,1013,1022,1016,1021,1027,1028,1030,1045,1050,1065,1065,1056,1064,1065,1067,1076,1078,1081,1091,1095,1101,1106,1107,1120,1123,1122,1125,1120,1121,1134,1141,1152,1163,1174,1172,1182,1191,1188,1176,1165,1177,1203,1211,1212,1223,1226,1238,1242,1250,1248,1243,1252,1255,1257,1265,1279,1287,1290,1300,1303,1306,1299,1296,1292,1298,1300,1312,1302,1296,1303,1309,1314,1326,1325,1320,1322,1326,1340,1362,1394,1435,1468,1487,1504,1521,1550,1561,1579,1587,1611,1634
395031,"Rochester, NY",51,,923,901,917,932,925,942,955,957,955,939,955,947,959,966,954,965,969,976,973,988,984,982,984,991,980,983,983,993,1004,1001,1000,1005,1004,993,997,999,1015,1011,1016,1024,1026,1030,1034,1031,1029,1025,1033,1042,1052,1047,1051,1056,1064,1064,1069,1064,1060,1058,1055,1063,1069,1071,1080,1091,1096,1097,1086,1080,1071,1082,1083,1093,1096,1106,1107,1103,1105,1118,1119,1121,1120,1134,1142,1159,1179,1191,1208,1228,1242,1256,1264,1259,1261,1261,1278,1258,1280,1307
394640,"Grand Rapids, MI",52,773,803,797,815,850,853,859,862,862,854,859,852,855,863,871,892,905,921,925,921,926,924,932,929,935,938,955,975,992,1000,1009,1003,1005,1001,1003,1004,1001,1017,1019,1025,1052,1066,1069,1066,1066,1059,1061,1051,1052,1062,1076,1093,1103,1111,1113,1116,1113,1109,1111,1111,1116,1119,1125,1136,1161,1165,1166,1159,1159,1163,1170,1161,1165,1173,1180,1187,1194,1206,1209,1203,1211,1219,1221,1227,1222,1232,1257,1273,1291,1313,1358,1373,1363,1336,1366,1388,1384,1396,1409
395167,"Tucson, AZ",53,921,933,932,932,935,938,941,939,939,937,940,936,938,942,944,949,949,955,960,956,957,962,953,957,962,969,972,978,983,978,981,987,988,990,987,996,998,1006,1015,1022,1030,1031,1032,1036,1037,1039,1041,1046,1050,1059,1060,1075,1079,1089,1097,1102,1102,1108,1113,1122,1124,1130,1136,1142,1152,1153,1161,1174,1168,1169,1180,1187,1197,1204,1202,1195,1199,1206,1217,1234,1251,1276,1282,1282,1288,1305,1328,1361,1377,1400,1417,1443,1472,1508,1522,1540,1542,1574,1585
395169,"Tulsa, OK",55,925,943,934,926,940,943,959,958,951,956,959,961,951,964,961,961,984,977,980,1001,986,983,984,980,980,968,978,979,987,989,993,993,982,1014,1006,1006,992,988,991,995,997,1003,1000,999,993,997,1001,994,1002,1006,1002,1002,1007,1014,1017,1018,1018,1018,1013,1009,1017,1020,1016,1017,1143,,1069,1053,1048,1052,1054,1047,1052,1056,1060,1053,1045,1056,1071,1088,1089,1109,1120,1121,1114,1116,1136,1154,1170,1186,1219,1239,1246,1209,1268,1294,1288,1284,1286
394619,"Fresno, CA",56,1182,1213,1203,1207,1231,1221,1213,1217,1221,1224,1231,1232,1235,1239,1237,1248,1252,1257,1256,1250,1250,1260,1265,1268,1274,1284,1288,1291,1295,1305,1310,1313,1317,1306,1316,1320,1316,1324,1334,1341,1361,1371,1382,1385,1384,1390,1386,1402,1388,1399,1406,1422,1434,1438,1449,1450,1464,1467,1462,1485,1481,1496,1498,1510,1512,1524,1538,1539,1546,1554,1546,1565,1580,1591,1585,1569,1571,1581,1582,1600,1617,1630,1649,1660,1684,1710,1750,1793,1824,1864,1924,1955,1951,1941,1966,1953,1960,1969,1985
395238,"Worcester, MA",57,1088,1067,1083,1081,1093,1098,1107,1111,1121,1116,1119,1120,1118,1124,1131,1136,1141,1153,1156,1157,1157,1159,1161,1172,1172,1177,1181,1189,1206,1213,1215,1217,1219,1223,1221,1232,1231,1245,1248,1260,1270,1275,1269,1274,1275,1280,1277,1285,1296,1298,1312,1314,1318,1333,1353,1352,1362,1362,1355,1361,1362,1375,1378,1391,1400,1399,1413,1408,1420,1422,1429,1437,1448,1454,1445,1451,1441,1455,1465,1467,1480,1486,1487,1499,1493,1503,1504,1537,1571,1585,1608,1629,1635,1645,1685,1678,1673,1715,1741
394415,"Stamford, CT",58,1733,1747,1752,1780,1827,1866,1869,1857,1849,1847,1841,1869,1873,1863,1872,1879,1899,1898,1911,1905,1909,1893,1880,1890,1913,1902,1913,1907,1927,1933,1933,1931,1926,1929,1913,1908,1918,1957,1946,1954,1972,1965,1966,1968,1962,1963,1960,1949,1962,1961,1979,1995,2004,2021,2022,2019,2020,2010,2011,2012,2021,2028,2027,2044,2053,2063,2066,2075,2089,2082,2058,2055,2050,2076,2084,2093,2098,2112,2125,2134,2153,2173,2166,2155,2168,2188,2207,2253,2297,2329,2356,2376,2373,2366,2392,2370,2389,2406,2449
394312,"Albuquerque, NM",59,921,920,925,924,931,932,938,942,938,937,935,933,936,935,942,951,955,958,961,965,963,961,956,957,955,960,967,976,978,984,989,992,989,991,985,980,980,990,993,998,1002,1009,1010,1012,1006,1004,1007,1006,1010,1014,1022,1027,1032,1037,1043,1048,1043,1043,1042,1043,1045,1050,1057,1062,1073,1083,1092,1095,1099,1096,1094,1093,1098,1109,1112,1107,1100,1123,1143,1153,1170,1175,1178,1176,1182,1196,1213,1240,1260,1293,1329,1371,1383,1382,1394,1410,1400,1419,1435
394308,"Albany, NY",60,1019,1048,1020,1053,1056,1053,1072,1094,1089,1096,1083,1094,1103,1099,1101,1098,1099,1105,1102,1099,1088,1106,1104,1098,1108,1107,1131,1130,1132,1132,1128,1132,1140,1136,1136,1169,1159,1161,1150,1159,1162,1165,1158,1157,1155,1141,1160,1150,1170,1180,1190,1188,1189,1186,1183,1188,1197,1197,1177,1201,1206,1195,1204,1198,1212,1212,1223,1223,1215,1221,1224,1232,1241,1232,1241,1271,1247,1242,1243,1246,1264,1276,1269,1274,1272,1248,1271,1307,1335,1344,1368,1362,1378,1379,1385,1395,1383,1400,1423
394938,"Omaha, NE",61,846,809,836,839,850,852,863,860,863,865,864,870,870,879,895,904,893,898,898,898,896,892,892,899,902,903,909,912,918,922,925,930,932,932,930,937,934,938,940,945,954,948,961,958,955,953,951,954,950,960,957,965,974,976,976,978,980,981,980,980,986,988,990,994,1005,1015,1016,1014,1011,1015,1017,1021,1022,1027,1039,1042,1049,1054,1060,1066,1062,1057,1055,1061,1062,1069,1078,1085,1103,1129,1142,1147,1149,1155,1160,1163,1160,1173,1186
394908,"New Haven, CT",62,1264,1282,1282,1296,1312,1322,1334,1324,1322,1312,1330,1333,1338,1338,1349,1357,1363,1358,1362,1359,1355,1350,1359,1341,1353,1373,1372,1392,1399,1401,1398,1391,1388,1383,1380,1382,1389,1391,1399,1414,1417,1422,1421,1431,1419,1415,1423,1427,1425,1431,1436,1449,1455,1454,1458,1456,1466,1456,1457,1467,1473,1474,1486,1495,1496,1489,1490,1491,1486,1502,1511,1514,1513,1528,1529,1531,1533,1539,1533,1540,1548,1570,1582,1578,1585,1584,1600,1603,1637,1687,1728,1732,1736,1761,1795,1790,1771,1778,1800
394357,"Bakersfield, CA",63,1047,999,1020,1026,1038,1062,1057,1060,1059,1054,1058,1060,1055,1067,1077,1081,1080,1081,1082,1081,1083,1079,1077,1077,1073,1086,1078,1090,1090,1098,1106,1109,1109,1107,1108,1114,1110,1115,1125,1128,1133,1134,1139,1140,1146,1128,1136,1145,1156,1158,1163,1173,1179,1181,1185,1188,1192,1197,1198,1199,1214,1217,1238,1245,1246,1252,1251,1254,1258,1265,1267,1267,1277,1295,1281,1293,1294,1311,1334,1363,1359,1373,1377,1368,1403,1410,1415,1439,1456,1467,1502,1510,1561,1556,1590,1622,1658,1682,1688
394753,"Knoxville, TN",64,901,920,917,923,925,926,926,932,923,925,924,925,940,942,956,963,966,952,956,956,943,935,933,936,935,956,959,970,986,993,995,997,985,973,980,985,984,1003,1007,1017,1021,1019,1029,1028,1030,1029,1030,1019,1033,1038,1046,1046,1064,1066,1074,1072,1081,1078,1077,1083,1099,1100,1114,1116,1122,1140,1133,1137,1139,1142,1141,1152,1155,1163,1150,1149,1151,1164,1176,1194,1205,1223,1223,1230,1235,1250,1249,1265,1315,1353,1385,1418,1446,1452,1453,1477,1481,1497,1526
394653,"Greenville, SC",65,968,1039,1022,1011,1003,990,994,995,995,993,977,979,982,983,1006,1019,1029,1035,1031,1029,1031,1035,1038,1038,1046,1054,1068,1088,1092,1087,1084,1084,1090,1078,1064,1073,1065,1074,1088,1098,1109,1114,1115,1116,1109,1101,1102,1101,1112,1119,1125,1140,1141,1148,1151,1148,1156,1154,1154,1153,1153,1163,1168,1173,1187,1190,1195,1187,1197,1190,1194,1195,1193,1208,1221,1212,1203,1202,1198,1207,1211,1211,1218,1228,1237,1235,1256,1272,1298,1327,1367,1386,1385,1404,1411,1405,1407,1413,1430
394952,"Ventura, CA",66,1891,1894,1863,1883,1900,1911,1934,1942,1952,1945,1960,1964,1969,1964,1989,2018,2030,2031,2044,2051,2057,2054,2055,2042,2050,2056,2085,2091,2103,2123,2141,2144,2145,2157,2167,2151,2162,2179,2204,2209,2220,2213,2222,2229,2240,2227,2233,2253,2259,2286,2292,2281,2303,2320,2327,2345,2332,2354,2361,2363,2360,2371,2391,2366,2388,2405,2407,2407,2404,2408,2415,2429,2441,2446,2441,2401,2412,2421,2438,2455,2467,2478,2504,2552,2560,2542,2591,2655,2673,2725,2761,2778,2845,2865,2871,2916,2910,2939,2970
394318,"Allentown, PA",67,1152,1178,1164,1170,1183,1196,1193,1192,1196,1195,1185,1191,1181,1183,1192,1209,1207,1212,1213,1219,1210,1216,1210,1219,1221,1220,1232,1235,1238,1243,1252,1244,1249,1253,1250,1242,1243,1252,1270,1275,1275,1280,1277,1290,1294,1293,1283,1279,1281,1291,1295,1307,1315,1317,1328,1327,1333,1320,1330,1336,1327,1343,1349,1355,1367,1368,1377,1379,1387,1376,1377,1377,1383,1389,1385,1385,1392,1400,1412,1425,1442,1462,1475,1475,1496,1501,1530,1546,1574,1619,1643,1660,1668,1684,1700,1728,1754,1762,1770
394561,"El Paso, TX",68,1029,1039,1035,1042,1041,1044,1039,1050,1038,1039,1037,1040,1039,1042,1041,1043,1047,1048,1048,1050,1045,1040,1035,1041,1041,1049,1048,1050,1049,1051,1052,1049,1046,1043,1050,1065,1052,1052,1055,1052,1051,1055,1057,1056,1055,1050,1051,1053,1053,1050,1055,1068,1068,1071,1074,1074,1065,1065,1070,1077,1076,1066,1076,1083,1090,1090,1093,1100,1106,1103,1105,1108,1115,1117,1119,1129,1134,1139,1151,1157,1160,1167,1185,1180,1180,1193,1204,1214,1236,1216,1237,1279,1290,1305,1304,1324,1335,1378,1349
394367,"Baton Rouge, LA",69,1057,1071,1080,1056,1059,1054,1066,1074,1073,1077,1060,1054,1062,1076,1084,1120,1107,1094,1094,1084,1087,1085,1075,1082,1100,1096,1120,1116,1113,1124,1117,1116,1130,1135,1148,1148,1150,1150,1153,1151,1143,1143,1131,1126,1128,1137,1132,1140,1127,1131,1132,1144,1147,1142,1141,1138,1143,1144,1134,1129,1132,1129,1133,1140,1148,1150,1142,1142,1143,1141,1136,1119,1127,1123,1130,1132,1139,1139,1145,1156,1162,1154,1153,1151,1161,1166,1167,1185,1181,1199,1220,1232,1260,1265,1257,1269,1278,1287,1291
394521,"Dayton, OH",70,788,783,783,778,789,796,797,807,809,802,807,801,800,803,803,810,814,819,824,826,821,820,826,828,830,838,846,847,852,853,851,852,850,847,861,855,858,855,859,862,872,876,883,886,886,886,888,895,890,891,903,894,909,910,921,918,917,917,912,921,923,926,932,937,941,940,956,959,957,965,973,971,970,976,977,971,982,988,996,1002,1004,1008,1015,1023,1020,1031,1043,1046,1050,1067,1095,1108,1131,1136,1138,1133,1141,1156,1163
394843,"McAllen, TX",71,760,854,,803,801,812,808,824,831,832,831,819,829,818,837,837,833,835,833,837,843,834,836,845,850,853,839,844,844,845,852,837,845,866,854,848,848,871,858,854,848,849,856,856,859,863,883,869,861,875,868,868,865,864,861,867,867,875,874,877,882,879,878,874,880,874,880,894,888,888,895,892,892,888,893,896,895,900,905,912,907,920,920,918,925,937,937,952,965,963,984,987,1005,1017,1018,1020,1016,1039,1017
394486,"Columbia, SC",72,,959,925,945,954,960,964,965,964,962,967,972,964,953,961,964,973,981,991,989,984,981,979,977,992,984,996,992,999,998,1006,1013,1009,1009,1018,1009,1009,1013,1024,1023,1026,1033,1033,1036,1030,1036,1040,1039,1034,1046,1049,1058,1061,1064,1070,1074,1074,1076,1078,1076,1081,1090,1094,1107,1112,1119,1123,1121,1116,1115,1116,1113,1119,1129,1141,1138,1147,1155,1165,1161,1169,1176,1181,1181,1198,1202,1224,1235,1250,1284,1302,1323,1343,1355,1379,1379,1362,1365,1387
394648,"Greensboro, NC",73,909,943,928,929,926,923,933,931,927,929,925,925,928,927,939,951,956,955,960,960,955,945,932,938,953,953,946,958,967,966,974,978,978,964,978,979,1009,996,996,1000,1003,1011,1014,1012,1016,1013,1002,1008,1015,1027,1030,1033,1032,1032,1043,1050,1051,1052,1047,1053,1062,1069,1074,1080,1094,1095,1101,1102,1101,1104,1111,1107,1115,1121,1123,1129,1139,1140,1154,1154,1152,1171,1182,1191,1192,1217,1229,1240,1252,1281,1300,1317,1331,1362,1386,1393,1393,1419,1424
394304,"Akron, OH",74,833,803,799,816,827,846,826,834,842,846,840,848,853,850,859,865,864,875,874,872,868,870,876,878,881,878,875,878,882,889,889,887,889,894,898,892,887,886,894,901,910,907,908,905,907,903,902,902,905,904,916,923,923,925,930,922,921,921,924,927,933,937,945,938,942,952,940,950,957,957,968,963,973,967,973,972,980,986,990,995,988,994,999,989,1026,1033,1031,1060,1071,1080,1095,1102,1096,1094,1119,1115,1093,1128,1148
753906,"North Port-Sarasota-Bradenton, FL",75,1289,1341,1328,1345,1343,1345,1361,1372,1375,1384,1400,1432,1438,1439,1437,1441,1437,1456,1461,1469,1473,1490,1500,1506,1524,1524,1542,1523,1509,1509,1514,1511,1524,1531,1557,1557,1565,1564,1577,1578,1563,1566,1559,1568,1576,1590,1595,1612,1614,1617,1620,1609,1612,1619,1630,1635,1652,1649,1662,1674,1682,1679,1671,1670,1674,1672,1692,1710,1709,1720,1737,1743,1749,1734,1722,1718,1699,1705,1728,1735,1747,1796,1813,1855,1844,1843,1855,1883,1943,2027,2121,2209,2261,2316,2391,2488,2474,2425,2402
394798,"Little Rock, AR",76,816,835,814,823,823,825,831,838,840,833,826,828,825,834,838,839,850,850,845,841,842,846,839,840,844,849,849,847,848,851,854,856,843,848,850,857,857,860,864,864,862,863,863,866,868,864,867,865,866,871,871,872,869,866,872,875,880,882,883,882,878,883,891,892,895,901,904,898,898,898,901,903,909,911,911,913,915,925,937,944,946,947,950,954,961,967,974,989,993,1009,1034,1058,1065,1060,1070,1076,1063,1071,1078
395134,"Stockton, CA",77,1288,1310,1299,1302,1315,1310,1328,1336,1354,1379,1362,1362,1353,1361,1382,1390,1403,1416,1417,1469,1465,1467,1457,1463,1466,1503,1509,1516,1522,1544,1555,1553,1580,1584,1573,1599,1608,1616,1622,1648,1658,1667,1688,1709,1717,1718,1706,1713,1722,1726,1739,1747,1763,1773,1802,1810,1816,1812,1819,1820,1821,1821,1834,1853,1863,1875,1895,1905,1901,1903,1896,1918,1953,1955,1954,1951,1956,1961,1988,2021,2023,2040,2041,2086,2114,2143,2173,2202,2273,2320,2346,2360,2375,2373,2338,2363,2376,2417,2415
394457,"Charleston, SC",78,1107,1142,1134,1176,1166,1162,1169,1171,1174,1168,1177,1177,1190,1207,1211,1217,1222,1231,1241,1234,1216,1228,1221,1223,1223,1247,1263,1271,1275,1290,1301,1293,1294,1294,1293,1293,1298,1302,1315,1324,1334,1344,1350,1348,1355,1352,1354,1345,1346,1359,1363,1374,1381,1391,1396,1397,1405,1403,1399,1392,1395,1405,1413,1421,1432,1442,1444,1439,1442,1446,1440,1444,1466,1465,1462,1461,1445,1450,1463,1467,1474,1465,1461,1479,1493,1485,1514,1540,1571,1609,1661,1717,1726,1741,1762,1764,1751,1759,1769
395143,"Syracuse, NY",79,898,889,902,913,929,933,951,966,959,947,924,924,934,926,950,948,976,986,981,977,969,965,967,983,986,986,992,1016,1020,1014,983,993,996,988,1014,1012,1011,1013,1013,1008,1025,1025,1023,1031,1020,1035,1058,1065,1056,1060,1043,1040,1054,1044,1042,1055,1039,1038,1039,1072,1060,1036,1047,1059,1061,1092,1076,1077,1078,1093,1090,1082,1100,1103,1096,1101,1130,1114,1122,1133,1129,1129,1142,1139,1152,1144,1161,1196,1199,1230,1239,1248,,1328,1289,1334,1275,1283,1318
394484,"Colorado Springs, CO",80,1002,1010,1018,1021,1030,1039,1045,1046,1046,1051,1053,1056,1058,1062,1064,1070,1079,1092,1098,1105,1101,1106,1107,1116,1118,1118,1132,1145,1155,1167,1169,1182,1187,1189,1189,1189,1200,1203,1213,1223,1232,1242,1247,1254,1254,1253,1260,1268,1275,1289,1295,1304,1309,1311,1318,1321,1320,1319,1320,1324,1333,1353,1363,1366,1374,1382,1387,1395,1395,1402,1402,1408,1419,1421,1425,1424,1423,1432,1445,1459,1473,1476,1485,1484,1494,1517,1537,1563,1592,1623,1668,1689,1691,1692,1701,1710,1712,1728,1745
395235,"Winston-Salem, NC",81,1041,1034,1036,1020,1020,1020,1025,1021,1022,1011,1019,1023,1025,1030,1039,1038,1043,1049,1053,1059,1057,1057,1053,1048,1052,1060,1076,1078,1081,1074,1084,1083,1083,1078,1084,1078,1084,1088,1099,1108,1115,1122,1116,1119,1125,1126,1125,1121,1133,1134,1144,1156,1157,1159,1163,1167,1173,1171,1174,1178,1186,1193,1203,1211,1221,1227,1236,1231,1231,1234,1230,1228,1252,1255,1258,1255,1262,1278,1281,1297,1308,1312,1325,1314,1336,1343,1366,1387,1417,1459,1476,1495,1505,1518,1539,1518,1539,1575,1575
395224,"Wichita, KS",82,,699,732,723,749,752,758,755,775,776,769,761,759,760,759,768,756,758,762,757,763,762,756,764,763,763,768,775,772,781,775,769,764,766,767,766,763,765,769,774,772,778,779,777,777,772,772,772,777,777,779,780,786,787,785,786,784,796,787,786,782,785,789,793,796,799,804,807,805,803,806,803,807,809,815,815,817,824,828,833,838,835,834,833,831,842,847,861,870,887,878,892,897,905,906,909,908,918,930
395115,"Springfield, MA",83,1076,1081,1062,1066,1086,1099,1107,1124,1109,1087,1100,1101,1104,1102,1101,1116,1115,1128,1131,1137,1136,1131,1130,1127,1129,1137,1150,1153,1174,1168,1182,1175,1173,1183,1171,1159,1153,1156,1166,1185,1187,1199,1195,1196,1213,1201,1200,1196,1200,1205,1216,1214,1221,1232,1256,1257,1258,1254,1257,1230,1240,1245,1258,1264,1269,1281,1284,1285,1272,1281,1276,1279,1294,1305,1299,1296,1305,1311,1317,1298,1313,1331,1315,1325,1338,1388,1396,1388,1395,1386,1409,1407,1399,1416,1444,1447,1456,1470,1480
394440,"Fort Myers, FL",84,1018,1007,1013,1016,1028,1032,1045,1055,1074,1085,1094,1104,1104,1110,1123,1149,1160,1164,1170,1197,1213,1215,1228,1230,1238,1237,1259,1251,1253,1265,1272,1276,1272,1281,1293,1297,1308,1305,1309,1309,1307,1309,1309,1313,1319,1328,1339,1350,1361,1360,1353,1349,1355,1360,1365,1379,1382,1386,1395,1403,1409,1402,1399,1405,1410,1417,1418,1422,1433,1438,1440,1443,1453,1466,1458,1445,1444,1449,1465,1475,1497,1509,1527,1530,1525,1534,1546,1565,1611,1673,1736,1827,1886,1920,1971,2004,2016,2025,2052
394399,"Boise City, ID",85,876,890,896,901,914,923,933,936,934,932,928,916,923,932,947,951,963,970,978,982,984,987,984,980,985,993,1005,1018,1026,1037,1049,1056,1055,1056,1045,1045,1050,1056,1072,1093,1099,1110,1121,1128,1131,1131,1128,1131,1131,1144,1155,1153,1174,1197,1214,1218,1222,1215,1223,1226,1228,1234,1251,1262,1282,1299,1303,1305,1309,1304,1298,1300,1310,1313,1333,1325,1334,1342,1363,1376,1391,1399,1420,1444,1460,1490,1530,1566,1617,1666,1704,1727,1722,1698,1710,1706,1737,1740,1777
395160,"Toledo, OH",86,847,833,869,856,844,842,861,831,848,842,841,834,847,860,862,923,891,871,870,846,859,865,866,861,867,867,901,880,885,892,897,898,900,898,894,899,894,885,890,907,907,912,912,911,908,914,922,916,922,913,916,947,941,936,933,925,928,932,920,935,932,933,933,945,952,955,954,959,953,951,943,931,933,948,951,963,975,984,989,986,992,979,973,991,996,1002,1014,1042,1090,1096,1101,1119,1118,1113,1112,1122,1112,1126,1149
394816,"Madison, WI",87,1052,1024,1027,1023,1027,1036,1040,1044,1037,1052,1048,1051,1045,1048,1058,1071,1064,1077,1079,1087,1079,1081,1090,1105,1091,1106,1093,1099,1116,1112,1122,1114,1107,1111,1122,1120,1116,1121,1125,1128,1134,1132,1133,1142,1129,1138,1143,1133,1143,1140,1146,1149,1156,1162,1161,1157,1159,1169,1171,1170,1172,1179,1185,1191,1190,1192,1193,1185,1187,1190,1196,1205,1217,1219,1221,1221,1212,1213,1224,1223,1226,1219,1230,1236,1240,1242,1253,1257,1261,1261,1278,1275,1289,1303,1301,1306,1310,1308,1322
394766,"Lakeland, FL",88,992,1026,1009,1006,1013,1016,1048,1031,1030,1028,1029,1037,1040,1039,1044,1056,1062,1070,1074,1075,1061,1077,1086,1084,1083,1093,1083,1097,1116,1122,1125,1137,1139,1132,1139,1146,1147,1148,1153,1157,1172,1179,1176,1178,1183,1191,1207,1200,1188,1201,1222,1235,1248,1257,1265,1266,1273,1280,1282,1285,1289,1298,1310,1311,1315,1320,1330,1338,1342,1343,1346,1354,1356,1355,1361,1360,1373,1373,1383,1396,1403,1422,1428,1431,1438,1439,1464,1485,1516,1564,1602,1636,1686,1693,1720,1725,1736,1762,1808
394931,"Ogden, UT",89,940,994,976,978,987,987,993,998,998,996,995,993,998,1008,1014,1015,1024,1032,1036,1042,1046,1047,1048,1050,1054,1060,1064,1029,1061,1093,1096,1100,1104,1104,1112,1108,1126,1127,1133,1134,1139,1146,1151,1166,1169,1164,1166,1168,1172,1186,1200,1215,1209,1225,1232,1238,1230,1239,1248,1258,1260,1259,1277,1282,1293,1302,1304,1302,1295,1305,1307,1319,1320,1346,1340,1330,1341,1349,1358,1358,1351,1367,1394,1389,1410,1430,1441,1469,1510,1535,1583,1576,1592,1616,1620,1645,1656,1680,1680
394528,"Daytona Beach, FL",90,944,944,952,953,957,960,972,980,965,982,995,999,1009,1006,1013,1021,1020,1026,1044,1047,1051,1070,1068,1049,1065,1067,1075,1082,1101,1102,1107,1125,1121,1135,1140,1133,1137,1136,1123,1137,1155,1162,1176,1182,1175,1184,1193,1191,1195,1205,1218,1221,1236,1238,1243,1254,1254,1258,1263,1271,1271,1283,1293,1290,1297,1296,1304,1310,1316,1322,1322,1327,1332,1334,1347,1340,1333,1342,1353,1360,1375,1387,1395,1409,1415,1431,1452,1471,1491,1506,1563,1569,1605,1624,1659,1680,1703,1735,1766
394531,"Des Moines, IA",91,969,935,958,988,991,989,1002,988,987,1009,1022,1004,1004,1003,1021,1020,1017,1021,1017,1009,994,1001,998,988,982,980,1000,1008,1017,1025,1026,1027,1015,1020,1025,1014,1020,1018,1031,1033,1041,1043,1055,1046,1035,1036,1025,1027,1012,1023,1033,1043,1048,1056,1070,1064,1055,1050,1043,1047,1050,1041,1041,1055,1064,1070,1079,1078,1079,1076,1076,1070,1071,1075,1080,1064,1071,1081,1093,1101,1100,1101,1101,1092,1093,1092,1115,1113,1121,1129,1137,1147,1158,1162,1159,1162,1162,1175,1176
394711,"Jackson, MS",92,1041,1014,1020,1010,1021,1030,1022,1021,1021,1029,1028,1028,1015,1027,1034,1041,1038,1006,1026,1038,1041,1041,1046,1044,1050,1091,1074,1063,1057,1065,1061,1061,1058,1054,1050,1068,1071,1068,1064,1069,1069,1074,1074,1072,1076,1073,1068,1071,1076,1082,1090,1089,1089,1065,1077,1082,1085,1090,1098,1089,1096,1097,1098,1092,1096,1103,1104,1102,1091,1099,1112,1114,1124,1117,1132,1132,1129,1123,1122,1139,1142,1147,1151,1146,1147,1153,1168,1183,1203,1226,1244,1234,1228,1234,1241,1241,1245,1261,1286
395245,"Youngstown, OH",93,616,637,615,620,633,623,610,619,630,641,639,628,630,633,642,642,642,616,612,627,635,640,643,648,647,640,644,625,636,643,648,654,653,659,656,650,658,654,661,659,660,667,667,678,668,666,670,662,665,669,675,670,677,681,682,703,700,698,690,699,696,696,700,694,695,700,703,702,695,703,707,703,712,725,726,730,734,728,733,724,748,739,757,745,765,780,779,790,790,819,819,863,834,843,853,873,895,886,885
394352,"Augusta, GA",94,895,929,914,903,902,899,896,893,894,904,904,904,903,900,901,906,916,929,928,921,923,924,925,923,917,930,930,933,939,945,946,942,944,950,942,943,940,938,950,956,962,963,964,968,971,974,975,975,979,972,983,986,994,999,995,996,999,1004,999,1003,1006,1011,1019,1030,1040,1044,1041,1048,1048,1047,1047,1047,1049,1056,1063,1069,1074,1082,1101,1110,1121,1121,1135,1139,1145,1135,1142,1172,1190,1217,1244,1255,1256,1272,1281,1281,1284,1313,1326
395075,"Scranton, PA",95,803,826,824,822,834,858,860,848,847,847,849,837,834,831,837,841,842,839,849,846,852,859,860,856,819,833,862,897,876,856,860,871,868,882,873,863,873,876,902,892,883,878,876,882,888,881,889,907,866,883,897,900,895,903,895,905,901,919,915,908,910,915,910,919,923,942,935,941,942,949,961,956,943,950,957,944,960,963,964,965,985,995,996,1021,1016,1020,1022,1042,1059,1076,1094,1111,1138,1135,1143,1123,1132,1140,1158
394666,"Harrisburg, PA",96,1015,1028,1008,995,993,989,987,960,975,957,980,986,982,991,1006,1012,1011,1004,1001,1003,1004,1006,995,1007,1007,997,1005,1023,1032,1037,1047,1031,1030,1025,1037,1023,1026,1027,1027,1044,1047,1043,1047,1046,1042,1050,1039,1042,1041,1038,1049,1058,1068,1070,1071,1077,1083,1088,1098,1096,1100,1099,1108,1111,1113,1117,1120,1124,1131,1133,1130,1119,1130,1130,1123,1121,1116,1134,1139,1155,1152,1153,1154,1160,1176,1183,1183,1208,1229,1265,1275,1296,1322,,1307,1325,1336,1346,1360
394957,"Melbourne, FL",97,940,963,949,954,959,967,980,967,979,982,987,998,1006,1010,1016,1025,1023,1034,1047,1068,1067,1066,1074,1084,1089,1099,1099,1106,1108,1126,1128,1134,1147,1150,1162,1169,1171,1181,1190,1187,1192,1204,1212,1216,1228,1238,1240,1240,1252,1257,1264,1276,1290,1298,1302,1311,1313,1307,1321,1322,1327,1331,1341,1342,1348,1350,1352,1358,1366,1365,1370,1380,1385,1415,1417,1403,1394,1400,1407,1424,1434,1434,1448,1457,1478,1484,1502,1533,1570,1596,1642,1695,1737,1745,1777,1791,1813,1820,1850
395113,"Spokane, WA",99,918,995,967,926,927,920,908,906,884,895,899,882,905,910,903,942,943,945,942,944,946,944,964,973,976,976,991,993,986,992,984,987,1007,1004,998,1001,998,1014,1022,994,1025,1041,1050,1046,1054,1059,1063,1040,1052,1059,1076,1085,1101,1114,1100,1118,1116,1116,1118,1112,1118,1120,1136,1150,1166,1175,1180,1173,1185,1186,1163,1153,1171,1189,1212,1207,1212,1211,1228,1235,1266,1277,1262,1269,1282,1312,1324,1373,1439,1481,1514,1529,1521,1519,1515,1497,1488,1514,1539
395006,"Provo, UT",100,983,1009,1004,996,1006,1035,1037,1021,1035,1041,1032,1039,1047,1046,1067,1050,1059,1075,1078,1064,1082,1090,1094,1092,1114,1097,1103,1105,1115,1147,1146,1149,1145,1151,1155,1142,1146,1161,1162,1164,1184,1189,1199,1204,1190,1189,1195,1200,1214,1217,1215,1234,1234,1250,1261,1264,1256,1258,1255,1259,1272,1270,1272,1274,1298,1304,1306,1313,1314,1301,1301,1300,1302,1304,1308,1312,1322,1333,1346,1346,1331,1365,1374,1378,1406,1415,1431,1451,1473,1494,1535,1555,1568,1629,1621,1620,1629,1653,1663
394549,"Durham, NC",104,1099,1060,1087,1116,1126,1121,1133,1126,1128,1125,1109,1122,1121,1121,1136,1139,1147,1150,1172,1166,1158,1155,1152,1156,1171,1176,1182,1198,1191,1200,1205,1201,1203,1232,1224,1214,1215,1215,1220,1230,1238,1233,1245,1248,1238,1246,1251,1242,1235,1233,1246,1257,1274,1279,1278,1279,1280,1285,1290,1288,1292,1293,1304,1309,1326,1335,1344,1344,1344,1339,1346,1336,1336,1329,1338,1326,1345,1346,1346,1348,1346,1354,1355,1368,1390,1368,1339,1362,1412,1456,1488,1507,1536,1555,1563,1589,1585,1597,1604
394995,"Port St. Lucie, FL",119,1095,1023,1074,1087,1118,1109,1133,1144,1148,1152,1158,1173,1182,1186,1130,1139,1182,1195,1203,1212,1231,1221,1240,1242,1254,1266,1268,1273,1289,1293,1300,1303,1313,1313,1314,1321,1332,1341,1335,1346,1347,1371,1377,1390,1390,1395,1401,1406,1405,1426,1431,1429,1450,1460,1479,1477,1477,1484,1484,1509,1504,1503,1496,1495,1496,1498,1517,1540,1535,1558,1569,1572,1574,1606,1584,1565,1564,1558,1578,1600,1639,1679,1686,1700,1699,1747,1737,1793,1828,1877,1905,1943,2013,2092,2188,2192,2227,2179,2201
394746,"Killeen, TX",128,855,850,860,860,866,869,873,875,874,874,875,871,872,877,876,878,877,880,881,885,885,881,875,874,878,882,884,886,888,889,893,890,887,888,890,889,889,895,898,898,901,902,901,902,901,903,906,906,908,911,915,915,918,921,922,926,928,931,935,934,936,943,950,961,966,972,975,977,975,977,978,977,981,986,983,987,996,1008,1020,1035,1050,1061,1071,1075,1076,1085,1095,1125,1151,1189,1224,1255,1264,1297,1305,1321,1312,1313,1322
394602,"Fort Collins, CO",159,1200,1232,1222,1229,1234,1236,1247,1240,1273,1282,1259,1268,1274,1309,1314,1317,1331,1349,1356,1353,1349,1353,1343,1340,1333,1339,1360,1371,1390,1409,1411,1402,1386,1372,1364,1373,1365,1400,1406,1416,1415,1411,1418,1417,1417,1412,1416,1414,1389,1410,1438,1450,1465,1467,1468,1468,1459,1461,1444,1457,1459,1483,1497,1503,1504,1514,1513,1507,1507,1496,1495,1494,1512,1524,1532,1532,1535,1544,1546,1535,1521,1517,1520,1527,1524,1550,1573,1594,1615,1645,1667,1684,1685,1709,1710,1728,1725,1748,1759
394405,"Boulder, CO",162,1390,1424,1390,1379,1392,1425,1439,1447,1467,1460,1435,1431,1463,1480,1507,1512,1522,1534,1541,1571,1594,1583,1558,1580,1592,1595,1611,1615,1622,1618,1626,1619,1625,1608,1618,1595,1597,1623,1628,1636,1639,1646,1657,1659,1655,1645,1657,1668,1674,1670,1677,1675,1695,1720,1735,1730,1723,1726,1715,1717,1727,1735,1745,1757,1772,1768,1773,1775,1770,1791,1785,1774,1775,1779,1801,1779,1774,1776,1785,1781,1790,1800,1803,1812,1824,1835,1852,1873,1894,1920,1943,1975,1981,1984,1990,2012,2037,2051,2084
394483,"College Station, TX",192,1077,1125,1101,1114,1118,1129,1132,1137,1160,1134,1104,1136,1139,1154,1169,1182,1203,1221,1217,1205,1162,1168,1211,1219,1224,1238,1230,1239,1238,1264,1241,1213,1187,1218,1227,1255,1274,1274,1281,1278,1274,1265,1245,1222,1218,1222,1245,1246,1272,1277,1273,1268,1263,1257,1245,1214,1243,1265,1242,1269,1277,1285,1292,1286,1283,1270,1276,1279,1287,1296,1308,1308,1311,1314,1307,1312,1313,1305,1283,1272,1307,1336,1349,1354,1373,1348,1348,1353,1332,1340,1367,1392,1362,1382,1426,1441,1451,1467,1479
394623,"Gainesville, GA",229,894,933,947,939,940,945,936,942,932,945,932,947,943,959,975,982,985,986,996,1004,1020,1008,1038,1014,1011,997,1021,1019,1019,1018,1054,1058,1087,1070,1075,1073,1074,1081,1067,1070,1092,1103,1124,1128,1122,1116,1114,1131,1137,1134,1139,1149,1145,1145,1153,1155,1167,1181,1178,1179,1193,1206,1213,1232,1221,1217,1223,1250,1257,1247,1249,1243,1252,1257,1246,1235,1230,1250,1243,1256,1288,1272,1286,1317,1317,1335,1324,1381,,1478,1519,1567,1542,1541,1572,1593,1603,1601,1609
395098,"Sierra Vista, AZ",309,877,922,903,895,901,909,909,890,893,901,899,899,893,894,894,898,894,894,891,897,898,895,917,903,894,893,889,887,886,887,890,890,880,882,879,873,874,875,862,879,885,892,910,904,897,896,905,895,896,897,902,908,922,924,932,927,934,946,943,953,947,949,959,970,980,975,977,949,982,985,1001,1003,1012,1028,1023,1038,1034,1028,1038,1037,1044,1064,1077,1089,1077,1105,1109,1101,1176,1208,1219,1189,1256,1320,1313,1294,1196,1244,
395080,"Sebring, FL",382,591,633,,677,671,672,684,659,667,685,,690,708,716,742,724,718,732,745,731,754,776,772,805,789,679,,699,751,758,744,770,775,815,840,832,831,815,791,799,821,820,820,842,850,859,840,853,906,896,862,869,835,846,848,857,851,864,892,887,894,884,885,893,873,838,864,883,891,891,904,919,916,925,925,917,914,917,937,930,947,951,964,1015,1001,993,998,999,1022,1028,1039,1047,1098,1094,1131,1138,1144,1147,1163
